<?xml version="1.0" encoding="utf-8"?>
<wb:data page="1" pages="2" per_page="50" total="63" sourceid="2" lastupdated="2023-07-25" xmlns:wb="http://www.worldbank.org">
  <wb:data>
    <wb:indicator id="BX.GSR.GNFS.CD">Exports of goods and services (BoP, current US$)</wb:indicator>
    <wb:country id="ET">Ethiopia</wb:country>
    <wb:countryiso3code>ETH</wb:countryiso3code>
    <wb:date>2022</wb:date>
    <wb:value />
    <wb:unit />
    <wb:obs_status />
    <wb:decimal>0</wb:decimal>
  </wb:data>
  <wb:data>
    <wb:indicator id="BX.GSR.GNFS.CD">Exports of goods and services (BoP, current US$)</wb:indicator>
    <wb:country id="ET">Ethiopia</wb:country>
    <wb:countryiso3code>ETH</wb:countryiso3code>
    <wb:date>2021</wb:date>
    <wb:value>9495825861.88533</wb:value>
    <wb:unit />
    <wb:obs_status />
    <wb:decimal>0</wb:decimal>
  </wb:data>
  <wb:data>
    <wb:indicator id="BX.GSR.GNFS.CD">Exports of goods and services (BoP, current US$)</wb:indicator>
    <wb:country id="ET">Ethiopia</wb:country>
    <wb:countryiso3code>ETH</wb:countryiso3code>
    <wb:date>2020</wb:date>
    <wb:value>7714600977.48863</wb:value>
    <wb:unit />
    <wb:obs_status />
    <wb:decimal>0</wb:decimal>
  </wb:data>
  <wb:data>
    <wb:indicator id="BX.GSR.GNFS.CD">Exports of goods and services (BoP, current US$)</wb:indicator>
    <wb:country id="ET">Ethiopia</wb:country>
    <wb:countryiso3code>ETH</wb:countryiso3code>
    <wb:date>2019</wb:date>
    <wb:value>7588186488.29751</wb:value>
    <wb:unit />
    <wb:obs_status />
    <wb:decimal>0</wb:decimal>
  </wb:data>
  <wb:data>
    <wb:indicator id="BX.GSR.GNFS.CD">Exports of goods and services (BoP, current US$)</wb:indicator>
    <wb:country id="ET">Ethiopia</wb:country>
    <wb:countryiso3code>ETH</wb:countryiso3code>
    <wb:date>2018</wb:date>
    <wb:value>7624331353.22779</wb:value>
    <wb:unit />
    <wb:obs_status />
    <wb:decimal>0</wb:decimal>
  </wb:data>
  <wb:data>
    <wb:indicator id="BX.GSR.GNFS.CD">Exports of goods and services (BoP, current US$)</wb:indicator>
    <wb:country id="ET">Ethiopia</wb:country>
    <wb:countryiso3code>ETH</wb:countryiso3code>
    <wb:date>2017</wb:date>
    <wb:value>6637865076.96921</wb:value>
    <wb:unit />
    <wb:obs_status />
    <wb:decimal>0</wb:decimal>
  </wb:data>
  <wb:data>
    <wb:indicator id="BX.GSR.GNFS.CD">Exports of goods and services (BoP, current US$)</wb:indicator>
    <wb:country id="ET">Ethiopia</wb:country>
    <wb:countryiso3code>ETH</wb:countryiso3code>
    <wb:date>2016</wb:date>
    <wb:value>5905571808.04243</wb:value>
    <wb:unit />
    <wb:obs_status />
    <wb:decimal>0</wb:decimal>
  </wb:data>
  <wb:data>
    <wb:indicator id="BX.GSR.GNFS.CD">Exports of goods and services (BoP, current US$)</wb:indicator>
    <wb:country id="ET">Ethiopia</wb:country>
    <wb:countryiso3code>ETH</wb:countryiso3code>
    <wb:date>2015</wb:date>
    <wb:value>6007196233.49046</wb:value>
    <wb:unit />
    <wb:obs_status />
    <wb:decimal>0</wb:decimal>
  </wb:data>
  <wb:data>
    <wb:indicator id="BX.GSR.GNFS.CD">Exports of goods and services (BoP, current US$)</wb:indicator>
    <wb:country id="ET">Ethiopia</wb:country>
    <wb:countryiso3code>ETH</wb:countryiso3code>
    <wb:date>2014</wb:date>
    <wb:value>6385691687.43855</wb:value>
    <wb:unit />
    <wb:obs_status />
    <wb:decimal>0</wb:decimal>
  </wb:data>
  <wb:data>
    <wb:indicator id="BX.GSR.GNFS.CD">Exports of goods and services (BoP, current US$)</wb:indicator>
    <wb:country id="ET">Ethiopia</wb:country>
    <wb:countryiso3code>ETH</wb:countryiso3code>
    <wb:date>2013</wb:date>
    <wb:value>6116476023.25386</wb:value>
    <wb:unit />
    <wb:obs_status />
    <wb:decimal>0</wb:decimal>
  </wb:data>
  <wb:data>
    <wb:indicator id="BX.GSR.GNFS.CD">Exports of goods and services (BoP, current US$)</wb:indicator>
    <wb:country id="ET">Ethiopia</wb:country>
    <wb:countryiso3code>ETH</wb:countryiso3code>
    <wb:date>2012</wb:date>
    <wb:value>5994928705.34653</wb:value>
    <wb:unit />
    <wb:obs_status />
    <wb:decimal>0</wb:decimal>
  </wb:data>
  <wb:data>
    <wb:indicator id="BX.GSR.GNFS.CD">Exports of goods and services (BoP, current US$)</wb:indicator>
    <wb:country id="ET">Ethiopia</wb:country>
    <wb:countryiso3code>ETH</wb:countryiso3code>
    <wb:date>2011</wb:date>
    <wb:value>5831538472.39655</wb:value>
    <wb:unit />
    <wb:obs_status />
    <wb:decimal>0</wb:decimal>
  </wb:data>
  <wb:data>
    <wb:indicator id="BX.GSR.GNFS.CD">Exports of goods and services (BoP, current US$)</wb:indicator>
    <wb:country id="ET">Ethiopia</wb:country>
    <wb:countryiso3code>ETH</wb:countryiso3code>
    <wb:date>2010</wb:date>
    <wb:value>4644218341.95427</wb:value>
    <wb:unit />
    <wb:obs_status />
    <wb:decimal>0</wb:decimal>
  </wb:data>
  <wb:data>
    <wb:indicator id="BX.GSR.GNFS.CD">Exports of goods and services (BoP, current US$)</wb:indicator>
    <wb:country id="ET">Ethiopia</wb:country>
    <wb:countryiso3code>ETH</wb:countryiso3code>
    <wb:date>2009</wb:date>
    <wb:value>3429924703.77971</wb:value>
    <wb:unit />
    <wb:obs_status />
    <wb:decimal>0</wb:decimal>
  </wb:data>
  <wb:data>
    <wb:indicator id="BX.GSR.GNFS.CD">Exports of goods and services (BoP, current US$)</wb:indicator>
    <wb:country id="ET">Ethiopia</wb:country>
    <wb:countryiso3code>ETH</wb:countryiso3code>
    <wb:date>2008</wb:date>
    <wb:value>3495286071.70092</wb:value>
    <wb:unit />
    <wb:obs_status />
    <wb:decimal>0</wb:decimal>
  </wb:data>
  <wb:data>
    <wb:indicator id="BX.GSR.GNFS.CD">Exports of goods and services (BoP, current US$)</wb:indicator>
    <wb:country id="ET">Ethiopia</wb:country>
    <wb:countryiso3code>ETH</wb:countryiso3code>
    <wb:date>2007</wb:date>
    <wb:value>2649643536.00468</wb:value>
    <wb:unit />
    <wb:obs_status />
    <wb:decimal>0</wb:decimal>
  </wb:data>
  <wb:data>
    <wb:indicator id="BX.GSR.GNFS.CD">Exports of goods and services (BoP, current US$)</wb:indicator>
    <wb:country id="ET">Ethiopia</wb:country>
    <wb:countryiso3code>ETH</wb:countryiso3code>
    <wb:date>2006</wb:date>
    <wb:value>2198490814.12065</wb:value>
    <wb:unit />
    <wb:obs_status />
    <wb:decimal>0</wb:decimal>
  </wb:data>
  <wb:data>
    <wb:indicator id="BX.GSR.GNFS.CD">Exports of goods and services (BoP, current US$)</wb:indicator>
    <wb:country id="ET">Ethiopia</wb:country>
    <wb:countryiso3code>ETH</wb:countryiso3code>
    <wb:date>2005</wb:date>
    <wb:value>1929483699.80887</wb:value>
    <wb:unit />
    <wb:obs_status />
    <wb:decimal>0</wb:decimal>
  </wb:data>
  <wb:data>
    <wb:indicator id="BX.GSR.GNFS.CD">Exports of goods and services (BoP, current US$)</wb:indicator>
    <wb:country id="ET">Ethiopia</wb:country>
    <wb:countryiso3code>ETH</wb:countryiso3code>
    <wb:date>2004</wb:date>
    <wb:value>1683762662.68493</wb:value>
    <wb:unit />
    <wb:obs_status />
    <wb:decimal>0</wb:decimal>
  </wb:data>
  <wb:data>
    <wb:indicator id="BX.GSR.GNFS.CD">Exports of goods and services (BoP, current US$)</wb:indicator>
    <wb:country id="ET">Ethiopia</wb:country>
    <wb:countryiso3code>ETH</wb:countryiso3code>
    <wb:date>2003</wb:date>
    <wb:value>1258126210.58213</wb:value>
    <wb:unit />
    <wb:obs_status />
    <wb:decimal>0</wb:decimal>
  </wb:data>
  <wb:data>
    <wb:indicator id="BX.GSR.GNFS.CD">Exports of goods and services (BoP, current US$)</wb:indicator>
    <wb:country id="ET">Ethiopia</wb:country>
    <wb:countryiso3code>ETH</wb:countryiso3code>
    <wb:date>2002</wb:date>
    <wb:value>1063969944.99859</wb:value>
    <wb:unit />
    <wb:obs_status />
    <wb:decimal>0</wb:decimal>
  </wb:data>
  <wb:data>
    <wb:indicator id="BX.GSR.GNFS.CD">Exports of goods and services (BoP, current US$)</wb:indicator>
    <wb:country id="ET">Ethiopia</wb:country>
    <wb:countryiso3code>ETH</wb:countryiso3code>
    <wb:date>2001</wb:date>
    <wb:value>975689091.171146</wb:value>
    <wb:unit />
    <wb:obs_status />
    <wb:decimal>0</wb:decimal>
  </wb:data>
  <wb:data>
    <wb:indicator id="BX.GSR.GNFS.CD">Exports of goods and services (BoP, current US$)</wb:indicator>
    <wb:country id="ET">Ethiopia</wb:country>
    <wb:countryiso3code>ETH</wb:countryiso3code>
    <wb:date>2000</wb:date>
    <wb:value>992267370.259464</wb:value>
    <wb:unit />
    <wb:obs_status />
    <wb:decimal>0</wb:decimal>
  </wb:data>
  <wb:data>
    <wb:indicator id="BX.GSR.GNFS.CD">Exports of goods and services (BoP, current US$)</wb:indicator>
    <wb:country id="ET">Ethiopia</wb:country>
    <wb:countryiso3code>ETH</wb:countryiso3code>
    <wb:date>1999</wb:date>
    <wb:value>940975697.674455</wb:value>
    <wb:unit />
    <wb:obs_status />
    <wb:decimal>0</wb:decimal>
  </wb:data>
  <wb:data>
    <wb:indicator id="BX.GSR.GNFS.CD">Exports of goods and services (BoP, current US$)</wb:indicator>
    <wb:country id="ET">Ethiopia</wb:country>
    <wb:countryiso3code>ETH</wb:countryiso3code>
    <wb:date>1998</wb:date>
    <wb:value>951890278.159835</wb:value>
    <wb:unit />
    <wb:obs_status />
    <wb:decimal>0</wb:decimal>
  </wb:data>
  <wb:data>
    <wb:indicator id="BX.GSR.GNFS.CD">Exports of goods and services (BoP, current US$)</wb:indicator>
    <wb:country id="ET">Ethiopia</wb:country>
    <wb:countryiso3code>ETH</wb:countryiso3code>
    <wb:date>1997</wb:date>
    <wb:value>979000164.230385</wb:value>
    <wb:unit />
    <wb:obs_status />
    <wb:decimal>0</wb:decimal>
  </wb:data>
  <wb:data>
    <wb:indicator id="BX.GSR.GNFS.CD">Exports of goods and services (BoP, current US$)</wb:indicator>
    <wb:country id="ET">Ethiopia</wb:country>
    <wb:countryiso3code>ETH</wb:countryiso3code>
    <wb:date>1996</wb:date>
    <wb:value>794653790.739324</wb:value>
    <wb:unit />
    <wb:obs_status />
    <wb:decimal>0</wb:decimal>
  </wb:data>
  <wb:data>
    <wb:indicator id="BX.GSR.GNFS.CD">Exports of goods and services (BoP, current US$)</wb:indicator>
    <wb:country id="ET">Ethiopia</wb:country>
    <wb:countryiso3code>ETH</wb:countryiso3code>
    <wb:date>1995</wb:date>
    <wb:value>767558289.222419</wb:value>
    <wb:unit />
    <wb:obs_status />
    <wb:decimal>0</wb:decimal>
  </wb:data>
  <wb:data>
    <wb:indicator id="BX.GSR.GNFS.CD">Exports of goods and services (BoP, current US$)</wb:indicator>
    <wb:country id="ET">Ethiopia</wb:country>
    <wb:countryiso3code>ETH</wb:countryiso3code>
    <wb:date>1994</wb:date>
    <wb:value>666572407.366643</wb:value>
    <wb:unit />
    <wb:obs_status />
    <wb:decimal>0</wb:decimal>
  </wb:data>
  <wb:data>
    <wb:indicator id="BX.GSR.GNFS.CD">Exports of goods and services (BoP, current US$)</wb:indicator>
    <wb:country id="ET">Ethiopia</wb:country>
    <wb:countryiso3code>ETH</wb:countryiso3code>
    <wb:date>1993</wb:date>
    <wb:value>476080000</wb:value>
    <wb:unit />
    <wb:obs_status />
    <wb:decimal>0</wb:decimal>
  </wb:data>
  <wb:data>
    <wb:indicator id="BX.GSR.GNFS.CD">Exports of goods and services (BoP, current US$)</wb:indicator>
    <wb:country id="ET">Ethiopia</wb:country>
    <wb:countryiso3code>ETH</wb:countryiso3code>
    <wb:date>1992</wb:date>
    <wb:value>437485314.009662</wb:value>
    <wb:unit />
    <wb:obs_status />
    <wb:decimal>0</wb:decimal>
  </wb:data>
  <wb:data>
    <wb:indicator id="BX.GSR.GNFS.CD">Exports of goods and services (BoP, current US$)</wb:indicator>
    <wb:country id="ET">Ethiopia</wb:country>
    <wb:countryiso3code>ETH</wb:countryiso3code>
    <wb:date>1991</wb:date>
    <wb:value>435893719.806763</wb:value>
    <wb:unit />
    <wb:obs_status />
    <wb:decimal>0</wb:decimal>
  </wb:data>
  <wb:data>
    <wb:indicator id="BX.GSR.GNFS.CD">Exports of goods and services (BoP, current US$)</wb:indicator>
    <wb:country id="ET">Ethiopia</wb:country>
    <wb:countryiso3code>ETH</wb:countryiso3code>
    <wb:date>1990</wb:date>
    <wb:value>596618357.487923</wb:value>
    <wb:unit />
    <wb:obs_status />
    <wb:decimal>0</wb:decimal>
  </wb:data>
  <wb:data>
    <wb:indicator id="BX.GSR.GNFS.CD">Exports of goods and services (BoP, current US$)</wb:indicator>
    <wb:country id="ET">Ethiopia</wb:country>
    <wb:countryiso3code>ETH</wb:countryiso3code>
    <wb:date>1989</wb:date>
    <wb:value>732995169.082126</wb:value>
    <wb:unit />
    <wb:obs_status />
    <wb:decimal>0</wb:decimal>
  </wb:data>
  <wb:data>
    <wb:indicator id="BX.GSR.GNFS.CD">Exports of goods and services (BoP, current US$)</wb:indicator>
    <wb:country id="ET">Ethiopia</wb:country>
    <wb:countryiso3code>ETH</wb:countryiso3code>
    <wb:date>1988</wb:date>
    <wb:value>671739130.434783</wb:value>
    <wb:unit />
    <wb:obs_status />
    <wb:decimal>0</wb:decimal>
  </wb:data>
  <wb:data>
    <wb:indicator id="BX.GSR.GNFS.CD">Exports of goods and services (BoP, current US$)</wb:indicator>
    <wb:country id="ET">Ethiopia</wb:country>
    <wb:countryiso3code>ETH</wb:countryiso3code>
    <wb:date>1987</wb:date>
    <wb:value>652077294.68599</wb:value>
    <wb:unit />
    <wb:obs_status />
    <wb:decimal>0</wb:decimal>
  </wb:data>
  <wb:data>
    <wb:indicator id="BX.GSR.GNFS.CD">Exports of goods and services (BoP, current US$)</wb:indicator>
    <wb:country id="ET">Ethiopia</wb:country>
    <wb:countryiso3code>ETH</wb:countryiso3code>
    <wb:date>1986</wb:date>
    <wb:value>721062801.932367</wb:value>
    <wb:unit />
    <wb:obs_status />
    <wb:decimal>0</wb:decimal>
  </wb:data>
  <wb:data>
    <wb:indicator id="BX.GSR.GNFS.CD">Exports of goods and services (BoP, current US$)</wb:indicator>
    <wb:country id="ET">Ethiopia</wb:country>
    <wb:countryiso3code>ETH</wb:countryiso3code>
    <wb:date>1985</wb:date>
    <wb:value>621690821.256039</wb:value>
    <wb:unit />
    <wb:obs_status />
    <wb:decimal>0</wb:decimal>
  </wb:data>
  <wb:data>
    <wb:indicator id="BX.GSR.GNFS.CD">Exports of goods and services (BoP, current US$)</wb:indicator>
    <wb:country id="ET">Ethiopia</wb:country>
    <wb:countryiso3code>ETH</wb:countryiso3code>
    <wb:date>1984</wb:date>
    <wb:value>603285024.296779</wb:value>
    <wb:unit />
    <wb:obs_status />
    <wb:decimal>0</wb:decimal>
  </wb:data>
  <wb:data>
    <wb:indicator id="BX.GSR.GNFS.CD">Exports of goods and services (BoP, current US$)</wb:indicator>
    <wb:country id="ET">Ethiopia</wb:country>
    <wb:countryiso3code>ETH</wb:countryiso3code>
    <wb:date>1983</wb:date>
    <wb:value>541545893.981423</wb:value>
    <wb:unit />
    <wb:obs_status />
    <wb:decimal>0</wb:decimal>
  </wb:data>
  <wb:data>
    <wb:indicator id="BX.GSR.GNFS.CD">Exports of goods and services (BoP, current US$)</wb:indicator>
    <wb:country id="ET">Ethiopia</wb:country>
    <wb:countryiso3code>ETH</wb:countryiso3code>
    <wb:date>1982</wb:date>
    <wb:value>537922705.573876</wb:value>
    <wb:unit />
    <wb:obs_status />
    <wb:decimal>0</wb:decimal>
  </wb:data>
  <wb:data>
    <wb:indicator id="BX.GSR.GNFS.CD">Exports of goods and services (BoP, current US$)</wb:indicator>
    <wb:country id="ET">Ethiopia</wb:country>
    <wb:countryiso3code>ETH</wb:countryiso3code>
    <wb:date>1981</wb:date>
    <wb:value>506473430.196364</wb:value>
    <wb:unit />
    <wb:obs_status />
    <wb:decimal>0</wb:decimal>
  </wb:data>
  <wb:data>
    <wb:indicator id="BX.GSR.GNFS.CD">Exports of goods and services (BoP, current US$)</wb:indicator>
    <wb:country id="ET">Ethiopia</wb:country>
    <wb:countryiso3code>ETH</wb:countryiso3code>
    <wb:date>1980</wb:date>
    <wb:value>544734299.780065</wb:value>
    <wb:unit />
    <wb:obs_status />
    <wb:decimal>0</wb:decimal>
  </wb:data>
  <wb:data>
    <wb:indicator id="BX.GSR.GNFS.CD">Exports of goods and services (BoP, current US$)</wb:indicator>
    <wb:country id="ET">Ethiopia</wb:country>
    <wb:countryiso3code>ETH</wb:countryiso3code>
    <wb:date>1979</wb:date>
    <wb:value>516666666.916264</wb:value>
    <wb:unit />
    <wb:obs_status />
    <wb:decimal>0</wb:decimal>
  </wb:data>
  <wb:data>
    <wb:indicator id="BX.GSR.GNFS.CD">Exports of goods and services (BoP, current US$)</wb:indicator>
    <wb:country id="ET">Ethiopia</wb:country>
    <wb:countryiso3code>ETH</wb:countryiso3code>
    <wb:date>1978</wb:date>
    <wb:value>385652174.099349</wb:value>
    <wb:unit />
    <wb:obs_status />
    <wb:decimal>0</wb:decimal>
  </wb:data>
  <wb:data>
    <wb:indicator id="BX.GSR.GNFS.CD">Exports of goods and services (BoP, current US$)</wb:indicator>
    <wb:country id="ET">Ethiopia</wb:country>
    <wb:countryiso3code>ETH</wb:countryiso3code>
    <wb:date>1977</wb:date>
    <wb:value>417198067.834395</wb:value>
    <wb:unit />
    <wb:obs_status />
    <wb:decimal>0</wb:decimal>
  </wb:data>
  <wb:data>
    <wb:indicator id="BX.GSR.GNFS.CD">Exports of goods and services (BoP, current US$)</wb:indicator>
    <wb:country id="ET">Ethiopia</wb:country>
    <wb:countryiso3code>ETH</wb:countryiso3code>
    <wb:date>1976</wb:date>
    <wb:value />
    <wb:unit />
    <wb:obs_status />
    <wb:decimal>0</wb:decimal>
  </wb:data>
  <wb:data>
    <wb:indicator id="BX.GSR.GNFS.CD">Exports of goods and services (BoP, current US$)</wb:indicator>
    <wb:country id="ET">Ethiopia</wb:country>
    <wb:countryiso3code>ETH</wb:countryiso3code>
    <wb:date>1975</wb:date>
    <wb:value />
    <wb:unit />
    <wb:obs_status />
    <wb:decimal>0</wb:decimal>
  </wb:data>
  <wb:data>
    <wb:indicator id="BX.GSR.GNFS.CD">Exports of goods and services (BoP, current US$)</wb:indicator>
    <wb:country id="ET">Ethiopia</wb:country>
    <wb:countryiso3code>ETH</wb:countryiso3code>
    <wb:date>1974</wb:date>
    <wb:value />
    <wb:unit />
    <wb:obs_status />
    <wb:decimal>0</wb:decimal>
  </wb:data>
  <wb:data>
    <wb:indicator id="BX.GSR.GNFS.CD">Exports of goods and services (BoP, current US$)</wb:indicator>
    <wb:country id="ET">Ethiopia</wb:country>
    <wb:countryiso3code>ETH</wb:countryiso3code>
    <wb:date>1973</wb:date>
    <wb:value />
    <wb:unit />
    <wb:obs_status />
    <wb:decimal>0</wb:decimal>
  </wb:data>
</wb:data>