<?xml version="1.0" encoding="utf-8"?>
<wb:data page="1" pages="2" per_page="50" total="63" sourceid="2" lastupdated="2023-07-25" xmlns:wb="http://www.worldbank.org">
  <wb:data>
    <wb:indicator id="SH.XPD.GHED.PP.CD">Domestic general government health expenditure per capita, PPP (current international $)</wb:indicator>
    <wb:country id="ET">Ethiopia</wb:country>
    <wb:countryiso3code>ETH</wb:countryiso3code>
    <wb:date>2022</wb:date>
    <wb:value />
    <wb:unit />
    <wb:obs_status />
    <wb:decimal>2</wb:decimal>
  </wb:data>
  <wb:data>
    <wb:indicator id="SH.XPD.GHED.PP.CD">Domestic general government health expenditure per capita, PPP (current international $)</wb:indicator>
    <wb:country id="ET">Ethiopia</wb:country>
    <wb:countryiso3code>ETH</wb:countryiso3code>
    <wb:date>2021</wb:date>
    <wb:value />
    <wb:unit />
    <wb:obs_status />
    <wb:decimal>2</wb:decimal>
  </wb:data>
  <wb:data>
    <wb:indicator id="SH.XPD.GHED.PP.CD">Domestic general government health expenditure per capita, PPP (current international $)</wb:indicator>
    <wb:country id="ET">Ethiopia</wb:country>
    <wb:countryiso3code>ETH</wb:countryiso3code>
    <wb:date>2020</wb:date>
    <wb:value>23.3584846408297</wb:value>
    <wb:unit />
    <wb:obs_status />
    <wb:decimal>2</wb:decimal>
  </wb:data>
  <wb:data>
    <wb:indicator id="SH.XPD.GHED.PP.CD">Domestic general government health expenditure per capita, PPP (current international $)</wb:indicator>
    <wb:country id="ET">Ethiopia</wb:country>
    <wb:countryiso3code>ETH</wb:countryiso3code>
    <wb:date>2019</wb:date>
    <wb:value>16.6197499352171</wb:value>
    <wb:unit />
    <wb:obs_status />
    <wb:decimal>2</wb:decimal>
  </wb:data>
  <wb:data>
    <wb:indicator id="SH.XPD.GHED.PP.CD">Domestic general government health expenditure per capita, PPP (current international $)</wb:indicator>
    <wb:country id="ET">Ethiopia</wb:country>
    <wb:countryiso3code>ETH</wb:countryiso3code>
    <wb:date>2018</wb:date>
    <wb:value>16.2259734034598</wb:value>
    <wb:unit />
    <wb:obs_status />
    <wb:decimal>2</wb:decimal>
  </wb:data>
  <wb:data>
    <wb:indicator id="SH.XPD.GHED.PP.CD">Domestic general government health expenditure per capita, PPP (current international $)</wb:indicator>
    <wb:country id="ET">Ethiopia</wb:country>
    <wb:countryiso3code>ETH</wb:countryiso3code>
    <wb:date>2017</wb:date>
    <wb:value>17.1217530484926</wb:value>
    <wb:unit />
    <wb:obs_status />
    <wb:decimal>2</wb:decimal>
  </wb:data>
  <wb:data>
    <wb:indicator id="SH.XPD.GHED.PP.CD">Domestic general government health expenditure per capita, PPP (current international $)</wb:indicator>
    <wb:country id="ET">Ethiopia</wb:country>
    <wb:countryiso3code>ETH</wb:countryiso3code>
    <wb:date>2016</wb:date>
    <wb:value>16.638495983237</wb:value>
    <wb:unit />
    <wb:obs_status />
    <wb:decimal>2</wb:decimal>
  </wb:data>
  <wb:data>
    <wb:indicator id="SH.XPD.GHED.PP.CD">Domestic general government health expenditure per capita, PPP (current international $)</wb:indicator>
    <wb:country id="ET">Ethiopia</wb:country>
    <wb:countryiso3code>ETH</wb:countryiso3code>
    <wb:date>2015</wb:date>
    <wb:value>15.7446318039609</wb:value>
    <wb:unit />
    <wb:obs_status />
    <wb:decimal>2</wb:decimal>
  </wb:data>
  <wb:data>
    <wb:indicator id="SH.XPD.GHED.PP.CD">Domestic general government health expenditure per capita, PPP (current international $)</wb:indicator>
    <wb:country id="ET">Ethiopia</wb:country>
    <wb:countryiso3code>ETH</wb:countryiso3code>
    <wb:date>2014</wb:date>
    <wb:value>10.640737317049</wb:value>
    <wb:unit />
    <wb:obs_status />
    <wb:decimal>2</wb:decimal>
  </wb:data>
  <wb:data>
    <wb:indicator id="SH.XPD.GHED.PP.CD">Domestic general government health expenditure per capita, PPP (current international $)</wb:indicator>
    <wb:country id="ET">Ethiopia</wb:country>
    <wb:countryiso3code>ETH</wb:countryiso3code>
    <wb:date>2013</wb:date>
    <wb:value>13.8681101502837</wb:value>
    <wb:unit />
    <wb:obs_status />
    <wb:decimal>2</wb:decimal>
  </wb:data>
  <wb:data>
    <wb:indicator id="SH.XPD.GHED.PP.CD">Domestic general government health expenditure per capita, PPP (current international $)</wb:indicator>
    <wb:country id="ET">Ethiopia</wb:country>
    <wb:countryiso3code>ETH</wb:countryiso3code>
    <wb:date>2012</wb:date>
    <wb:value>12.7082754402149</wb:value>
    <wb:unit />
    <wb:obs_status />
    <wb:decimal>2</wb:decimal>
  </wb:data>
  <wb:data>
    <wb:indicator id="SH.XPD.GHED.PP.CD">Domestic general government health expenditure per capita, PPP (current international $)</wb:indicator>
    <wb:country id="ET">Ethiopia</wb:country>
    <wb:countryiso3code>ETH</wb:countryiso3code>
    <wb:date>2011</wb:date>
    <wb:value>4.24647360073129</wb:value>
    <wb:unit />
    <wb:obs_status />
    <wb:decimal>2</wb:decimal>
  </wb:data>
  <wb:data>
    <wb:indicator id="SH.XPD.GHED.PP.CD">Domestic general government health expenditure per capita, PPP (current international $)</wb:indicator>
    <wb:country id="ET">Ethiopia</wb:country>
    <wb:countryiso3code>ETH</wb:countryiso3code>
    <wb:date>2010</wb:date>
    <wb:value>9.53483423348855</wb:value>
    <wb:unit />
    <wb:obs_status />
    <wb:decimal>2</wb:decimal>
  </wb:data>
  <wb:data>
    <wb:indicator id="SH.XPD.GHED.PP.CD">Domestic general government health expenditure per capita, PPP (current international $)</wb:indicator>
    <wb:country id="ET">Ethiopia</wb:country>
    <wb:countryiso3code>ETH</wb:countryiso3code>
    <wb:date>2009</wb:date>
    <wb:value>8.26624838465569</wb:value>
    <wb:unit />
    <wb:obs_status />
    <wb:decimal>2</wb:decimal>
  </wb:data>
  <wb:data>
    <wb:indicator id="SH.XPD.GHED.PP.CD">Domestic general government health expenditure per capita, PPP (current international $)</wb:indicator>
    <wb:country id="ET">Ethiopia</wb:country>
    <wb:countryiso3code>ETH</wb:countryiso3code>
    <wb:date>2008</wb:date>
    <wb:value>4.39987196168099</wb:value>
    <wb:unit />
    <wb:obs_status />
    <wb:decimal>2</wb:decimal>
  </wb:data>
  <wb:data>
    <wb:indicator id="SH.XPD.GHED.PP.CD">Domestic general government health expenditure per capita, PPP (current international $)</wb:indicator>
    <wb:country id="ET">Ethiopia</wb:country>
    <wb:countryiso3code>ETH</wb:countryiso3code>
    <wb:date>2007</wb:date>
    <wb:value>10.3916243673057</wb:value>
    <wb:unit />
    <wb:obs_status />
    <wb:decimal>2</wb:decimal>
  </wb:data>
  <wb:data>
    <wb:indicator id="SH.XPD.GHED.PP.CD">Domestic general government health expenditure per capita, PPP (current international $)</wb:indicator>
    <wb:country id="ET">Ethiopia</wb:country>
    <wb:countryiso3code>ETH</wb:countryiso3code>
    <wb:date>2006</wb:date>
    <wb:value>7.8515025293248</wb:value>
    <wb:unit />
    <wb:obs_status />
    <wb:decimal>2</wb:decimal>
  </wb:data>
  <wb:data>
    <wb:indicator id="SH.XPD.GHED.PP.CD">Domestic general government health expenditure per capita, PPP (current international $)</wb:indicator>
    <wb:country id="ET">Ethiopia</wb:country>
    <wb:countryiso3code>ETH</wb:countryiso3code>
    <wb:date>2005</wb:date>
    <wb:value>10.9173996561932</wb:value>
    <wb:unit />
    <wb:obs_status />
    <wb:decimal>2</wb:decimal>
  </wb:data>
  <wb:data>
    <wb:indicator id="SH.XPD.GHED.PP.CD">Domestic general government health expenditure per capita, PPP (current international $)</wb:indicator>
    <wb:country id="ET">Ethiopia</wb:country>
    <wb:countryiso3code>ETH</wb:countryiso3code>
    <wb:date>2004</wb:date>
    <wb:value>7.47584738475152</wb:value>
    <wb:unit />
    <wb:obs_status />
    <wb:decimal>2</wb:decimal>
  </wb:data>
  <wb:data>
    <wb:indicator id="SH.XPD.GHED.PP.CD">Domestic general government health expenditure per capita, PPP (current international $)</wb:indicator>
    <wb:country id="ET">Ethiopia</wb:country>
    <wb:countryiso3code>ETH</wb:countryiso3code>
    <wb:date>2003</wb:date>
    <wb:value>11.3151088769409</wb:value>
    <wb:unit />
    <wb:obs_status />
    <wb:decimal>2</wb:decimal>
  </wb:data>
  <wb:data>
    <wb:indicator id="SH.XPD.GHED.PP.CD">Domestic general government health expenditure per capita, PPP (current international $)</wb:indicator>
    <wb:country id="ET">Ethiopia</wb:country>
    <wb:countryiso3code>ETH</wb:countryiso3code>
    <wb:date>2002</wb:date>
    <wb:value>10.6874889977665</wb:value>
    <wb:unit />
    <wb:obs_status />
    <wb:decimal>2</wb:decimal>
  </wb:data>
  <wb:data>
    <wb:indicator id="SH.XPD.GHED.PP.CD">Domestic general government health expenditure per capita, PPP (current international $)</wb:indicator>
    <wb:country id="ET">Ethiopia</wb:country>
    <wb:countryiso3code>ETH</wb:countryiso3code>
    <wb:date>2001</wb:date>
    <wb:value>10.3359693688184</wb:value>
    <wb:unit />
    <wb:obs_status />
    <wb:decimal>2</wb:decimal>
  </wb:data>
  <wb:data>
    <wb:indicator id="SH.XPD.GHED.PP.CD">Domestic general government health expenditure per capita, PPP (current international $)</wb:indicator>
    <wb:country id="ET">Ethiopia</wb:country>
    <wb:countryiso3code>ETH</wb:countryiso3code>
    <wb:date>2000</wb:date>
    <wb:value>8.58103243999919</wb:value>
    <wb:unit />
    <wb:obs_status />
    <wb:decimal>2</wb:decimal>
  </wb:data>
  <wb:data>
    <wb:indicator id="SH.XPD.GHED.PP.CD">Domestic general government health expenditure per capita, PPP (current international $)</wb:indicator>
    <wb:country id="ET">Ethiopia</wb:country>
    <wb:countryiso3code>ETH</wb:countryiso3code>
    <wb:date>1999</wb:date>
    <wb:value />
    <wb:unit />
    <wb:obs_status />
    <wb:decimal>2</wb:decimal>
  </wb:data>
  <wb:data>
    <wb:indicator id="SH.XPD.GHED.PP.CD">Domestic general government health expenditure per capita, PPP (current international $)</wb:indicator>
    <wb:country id="ET">Ethiopia</wb:country>
    <wb:countryiso3code>ETH</wb:countryiso3code>
    <wb:date>1998</wb:date>
    <wb:value />
    <wb:unit />
    <wb:obs_status />
    <wb:decimal>2</wb:decimal>
  </wb:data>
  <wb:data>
    <wb:indicator id="SH.XPD.GHED.PP.CD">Domestic general government health expenditure per capita, PPP (current international $)</wb:indicator>
    <wb:country id="ET">Ethiopia</wb:country>
    <wb:countryiso3code>ETH</wb:countryiso3code>
    <wb:date>1997</wb:date>
    <wb:value />
    <wb:unit />
    <wb:obs_status />
    <wb:decimal>2</wb:decimal>
  </wb:data>
  <wb:data>
    <wb:indicator id="SH.XPD.GHED.PP.CD">Domestic general government health expenditure per capita, PPP (current international $)</wb:indicator>
    <wb:country id="ET">Ethiopia</wb:country>
    <wb:countryiso3code>ETH</wb:countryiso3code>
    <wb:date>1996</wb:date>
    <wb:value />
    <wb:unit />
    <wb:obs_status />
    <wb:decimal>2</wb:decimal>
  </wb:data>
  <wb:data>
    <wb:indicator id="SH.XPD.GHED.PP.CD">Domestic general government health expenditure per capita, PPP (current international $)</wb:indicator>
    <wb:country id="ET">Ethiopia</wb:country>
    <wb:countryiso3code>ETH</wb:countryiso3code>
    <wb:date>1995</wb:date>
    <wb:value />
    <wb:unit />
    <wb:obs_status />
    <wb:decimal>2</wb:decimal>
  </wb:data>
  <wb:data>
    <wb:indicator id="SH.XPD.GHED.PP.CD">Domestic general government health expenditure per capita, PPP (current international $)</wb:indicator>
    <wb:country id="ET">Ethiopia</wb:country>
    <wb:countryiso3code>ETH</wb:countryiso3code>
    <wb:date>1994</wb:date>
    <wb:value />
    <wb:unit />
    <wb:obs_status />
    <wb:decimal>2</wb:decimal>
  </wb:data>
  <wb:data>
    <wb:indicator id="SH.XPD.GHED.PP.CD">Domestic general government health expenditure per capita, PPP (current international $)</wb:indicator>
    <wb:country id="ET">Ethiopia</wb:country>
    <wb:countryiso3code>ETH</wb:countryiso3code>
    <wb:date>1993</wb:date>
    <wb:value />
    <wb:unit />
    <wb:obs_status />
    <wb:decimal>2</wb:decimal>
  </wb:data>
  <wb:data>
    <wb:indicator id="SH.XPD.GHED.PP.CD">Domestic general government health expenditure per capita, PPP (current international $)</wb:indicator>
    <wb:country id="ET">Ethiopia</wb:country>
    <wb:countryiso3code>ETH</wb:countryiso3code>
    <wb:date>1992</wb:date>
    <wb:value />
    <wb:unit />
    <wb:obs_status />
    <wb:decimal>2</wb:decimal>
  </wb:data>
  <wb:data>
    <wb:indicator id="SH.XPD.GHED.PP.CD">Domestic general government health expenditure per capita, PPP (current international $)</wb:indicator>
    <wb:country id="ET">Ethiopia</wb:country>
    <wb:countryiso3code>ETH</wb:countryiso3code>
    <wb:date>1991</wb:date>
    <wb:value />
    <wb:unit />
    <wb:obs_status />
    <wb:decimal>2</wb:decimal>
  </wb:data>
  <wb:data>
    <wb:indicator id="SH.XPD.GHED.PP.CD">Domestic general government health expenditure per capita, PPP (current international $)</wb:indicator>
    <wb:country id="ET">Ethiopia</wb:country>
    <wb:countryiso3code>ETH</wb:countryiso3code>
    <wb:date>1990</wb:date>
    <wb:value />
    <wb:unit />
    <wb:obs_status />
    <wb:decimal>2</wb:decimal>
  </wb:data>
  <wb:data>
    <wb:indicator id="SH.XPD.GHED.PP.CD">Domestic general government health expenditure per capita, PPP (current international $)</wb:indicator>
    <wb:country id="ET">Ethiopia</wb:country>
    <wb:countryiso3code>ETH</wb:countryiso3code>
    <wb:date>1989</wb:date>
    <wb:value />
    <wb:unit />
    <wb:obs_status />
    <wb:decimal>2</wb:decimal>
  </wb:data>
  <wb:data>
    <wb:indicator id="SH.XPD.GHED.PP.CD">Domestic general government health expenditure per capita, PPP (current international $)</wb:indicator>
    <wb:country id="ET">Ethiopia</wb:country>
    <wb:countryiso3code>ETH</wb:countryiso3code>
    <wb:date>1988</wb:date>
    <wb:value />
    <wb:unit />
    <wb:obs_status />
    <wb:decimal>2</wb:decimal>
  </wb:data>
  <wb:data>
    <wb:indicator id="SH.XPD.GHED.PP.CD">Domestic general government health expenditure per capita, PPP (current international $)</wb:indicator>
    <wb:country id="ET">Ethiopia</wb:country>
    <wb:countryiso3code>ETH</wb:countryiso3code>
    <wb:date>1987</wb:date>
    <wb:value />
    <wb:unit />
    <wb:obs_status />
    <wb:decimal>2</wb:decimal>
  </wb:data>
  <wb:data>
    <wb:indicator id="SH.XPD.GHED.PP.CD">Domestic general government health expenditure per capita, PPP (current international $)</wb:indicator>
    <wb:country id="ET">Ethiopia</wb:country>
    <wb:countryiso3code>ETH</wb:countryiso3code>
    <wb:date>1986</wb:date>
    <wb:value />
    <wb:unit />
    <wb:obs_status />
    <wb:decimal>2</wb:decimal>
  </wb:data>
  <wb:data>
    <wb:indicator id="SH.XPD.GHED.PP.CD">Domestic general government health expenditure per capita, PPP (current international $)</wb:indicator>
    <wb:country id="ET">Ethiopia</wb:country>
    <wb:countryiso3code>ETH</wb:countryiso3code>
    <wb:date>1985</wb:date>
    <wb:value />
    <wb:unit />
    <wb:obs_status />
    <wb:decimal>2</wb:decimal>
  </wb:data>
  <wb:data>
    <wb:indicator id="SH.XPD.GHED.PP.CD">Domestic general government health expenditure per capita, PPP (current international $)</wb:indicator>
    <wb:country id="ET">Ethiopia</wb:country>
    <wb:countryiso3code>ETH</wb:countryiso3code>
    <wb:date>1984</wb:date>
    <wb:value />
    <wb:unit />
    <wb:obs_status />
    <wb:decimal>2</wb:decimal>
  </wb:data>
  <wb:data>
    <wb:indicator id="SH.XPD.GHED.PP.CD">Domestic general government health expenditure per capita, PPP (current international $)</wb:indicator>
    <wb:country id="ET">Ethiopia</wb:country>
    <wb:countryiso3code>ETH</wb:countryiso3code>
    <wb:date>1983</wb:date>
    <wb:value />
    <wb:unit />
    <wb:obs_status />
    <wb:decimal>2</wb:decimal>
  </wb:data>
  <wb:data>
    <wb:indicator id="SH.XPD.GHED.PP.CD">Domestic general government health expenditure per capita, PPP (current international $)</wb:indicator>
    <wb:country id="ET">Ethiopia</wb:country>
    <wb:countryiso3code>ETH</wb:countryiso3code>
    <wb:date>1982</wb:date>
    <wb:value />
    <wb:unit />
    <wb:obs_status />
    <wb:decimal>2</wb:decimal>
  </wb:data>
  <wb:data>
    <wb:indicator id="SH.XPD.GHED.PP.CD">Domestic general government health expenditure per capita, PPP (current international $)</wb:indicator>
    <wb:country id="ET">Ethiopia</wb:country>
    <wb:countryiso3code>ETH</wb:countryiso3code>
    <wb:date>1981</wb:date>
    <wb:value />
    <wb:unit />
    <wb:obs_status />
    <wb:decimal>2</wb:decimal>
  </wb:data>
  <wb:data>
    <wb:indicator id="SH.XPD.GHED.PP.CD">Domestic general government health expenditure per capita, PPP (current international $)</wb:indicator>
    <wb:country id="ET">Ethiopia</wb:country>
    <wb:countryiso3code>ETH</wb:countryiso3code>
    <wb:date>1980</wb:date>
    <wb:value />
    <wb:unit />
    <wb:obs_status />
    <wb:decimal>2</wb:decimal>
  </wb:data>
  <wb:data>
    <wb:indicator id="SH.XPD.GHED.PP.CD">Domestic general government health expenditure per capita, PPP (current international $)</wb:indicator>
    <wb:country id="ET">Ethiopia</wb:country>
    <wb:countryiso3code>ETH</wb:countryiso3code>
    <wb:date>1979</wb:date>
    <wb:value />
    <wb:unit />
    <wb:obs_status />
    <wb:decimal>2</wb:decimal>
  </wb:data>
  <wb:data>
    <wb:indicator id="SH.XPD.GHED.PP.CD">Domestic general government health expenditure per capita, PPP (current international $)</wb:indicator>
    <wb:country id="ET">Ethiopia</wb:country>
    <wb:countryiso3code>ETH</wb:countryiso3code>
    <wb:date>1978</wb:date>
    <wb:value />
    <wb:unit />
    <wb:obs_status />
    <wb:decimal>2</wb:decimal>
  </wb:data>
  <wb:data>
    <wb:indicator id="SH.XPD.GHED.PP.CD">Domestic general government health expenditure per capita, PPP (current international $)</wb:indicator>
    <wb:country id="ET">Ethiopia</wb:country>
    <wb:countryiso3code>ETH</wb:countryiso3code>
    <wb:date>1977</wb:date>
    <wb:value />
    <wb:unit />
    <wb:obs_status />
    <wb:decimal>2</wb:decimal>
  </wb:data>
  <wb:data>
    <wb:indicator id="SH.XPD.GHED.PP.CD">Domestic general government health expenditure per capita, PPP (current international $)</wb:indicator>
    <wb:country id="ET">Ethiopia</wb:country>
    <wb:countryiso3code>ETH</wb:countryiso3code>
    <wb:date>1976</wb:date>
    <wb:value />
    <wb:unit />
    <wb:obs_status />
    <wb:decimal>2</wb:decimal>
  </wb:data>
  <wb:data>
    <wb:indicator id="SH.XPD.GHED.PP.CD">Domestic general government health expenditure per capita, PPP (current international $)</wb:indicator>
    <wb:country id="ET">Ethiopia</wb:country>
    <wb:countryiso3code>ETH</wb:countryiso3code>
    <wb:date>1975</wb:date>
    <wb:value />
    <wb:unit />
    <wb:obs_status />
    <wb:decimal>2</wb:decimal>
  </wb:data>
  <wb:data>
    <wb:indicator id="SH.XPD.GHED.PP.CD">Domestic general government health expenditure per capita, PPP (current international $)</wb:indicator>
    <wb:country id="ET">Ethiopia</wb:country>
    <wb:countryiso3code>ETH</wb:countryiso3code>
    <wb:date>1974</wb:date>
    <wb:value />
    <wb:unit />
    <wb:obs_status />
    <wb:decimal>2</wb:decimal>
  </wb:data>
  <wb:data>
    <wb:indicator id="SH.XPD.GHED.PP.CD">Domestic general government health expenditure per capita, PPP (current international $)</wb:indicator>
    <wb:country id="ET">Ethiopia</wb:country>
    <wb:countryiso3code>ETH</wb:countryiso3code>
    <wb:date>1973</wb:date>
    <wb:value />
    <wb:unit />
    <wb:obs_status />
    <wb:decimal>2</wb:decimal>
  </wb:data>
</wb:data>