<?xml version="1.0" encoding="utf-8"?>
<wb:data page="1" pages="2" per_page="50" total="63" sourceid="2" lastupdated="2023-07-25" xmlns:wb="http://www.worldbank.org">
  <wb:data>
    <wb:indicator id="NY.ADJ.DCO2.GN.ZS">Adjusted savings: carbon dioxide damage (% of GNI)</wb:indicator>
    <wb:country id="ET">Ethiopia</wb:country>
    <wb:countryiso3code>ETH</wb:countryiso3code>
    <wb:date>2022</wb:date>
    <wb:value />
    <wb:unit />
    <wb:obs_status />
    <wb:decimal>1</wb:decimal>
  </wb:data>
  <wb:data>
    <wb:indicator id="NY.ADJ.DCO2.GN.ZS">Adjusted savings: carbon dioxide damage (% of GNI)</wb:indicator>
    <wb:country id="ET">Ethiopia</wb:country>
    <wb:countryiso3code>ETH</wb:countryiso3code>
    <wb:date>2021</wb:date>
    <wb:value />
    <wb:unit />
    <wb:obs_status />
    <wb:decimal>1</wb:decimal>
  </wb:data>
  <wb:data>
    <wb:indicator id="NY.ADJ.DCO2.GN.ZS">Adjusted savings: carbon dioxide damage (% of GNI)</wb:indicator>
    <wb:country id="ET">Ethiopia</wb:country>
    <wb:countryiso3code>ETH</wb:countryiso3code>
    <wb:date>2020</wb:date>
    <wb:value>0.769064467530615</wb:value>
    <wb:unit />
    <wb:obs_status />
    <wb:decimal>1</wb:decimal>
  </wb:data>
  <wb:data>
    <wb:indicator id="NY.ADJ.DCO2.GN.ZS">Adjusted savings: carbon dioxide damage (% of GNI)</wb:indicator>
    <wb:country id="ET">Ethiopia</wb:country>
    <wb:countryiso3code>ETH</wb:countryiso3code>
    <wb:date>2019</wb:date>
    <wb:value>0.768535588591145</wb:value>
    <wb:unit />
    <wb:obs_status />
    <wb:decimal>1</wb:decimal>
  </wb:data>
  <wb:data>
    <wb:indicator id="NY.ADJ.DCO2.GN.ZS">Adjusted savings: carbon dioxide damage (% of GNI)</wb:indicator>
    <wb:country id="ET">Ethiopia</wb:country>
    <wb:countryiso3code>ETH</wb:countryiso3code>
    <wb:date>2018</wb:date>
    <wb:value>0.760321328296374</wb:value>
    <wb:unit />
    <wb:obs_status />
    <wb:decimal>1</wb:decimal>
  </wb:data>
  <wb:data>
    <wb:indicator id="NY.ADJ.DCO2.GN.ZS">Adjusted savings: carbon dioxide damage (% of GNI)</wb:indicator>
    <wb:country id="ET">Ethiopia</wb:country>
    <wb:countryiso3code>ETH</wb:countryiso3code>
    <wb:date>2017</wb:date>
    <wb:value>0.71165269257018</wb:value>
    <wb:unit />
    <wb:obs_status />
    <wb:decimal>1</wb:decimal>
  </wb:data>
  <wb:data>
    <wb:indicator id="NY.ADJ.DCO2.GN.ZS">Adjusted savings: carbon dioxide damage (% of GNI)</wb:indicator>
    <wb:country id="ET">Ethiopia</wb:country>
    <wb:countryiso3code>ETH</wb:countryiso3code>
    <wb:date>2016</wb:date>
    <wb:value>0.723681405416076</wb:value>
    <wb:unit />
    <wb:obs_status />
    <wb:decimal>1</wb:decimal>
  </wb:data>
  <wb:data>
    <wb:indicator id="NY.ADJ.DCO2.GN.ZS">Adjusted savings: carbon dioxide damage (% of GNI)</wb:indicator>
    <wb:country id="ET">Ethiopia</wb:country>
    <wb:countryiso3code>ETH</wb:countryiso3code>
    <wb:date>2015</wb:date>
    <wb:value>0.698210022352458</wb:value>
    <wb:unit />
    <wb:obs_status />
    <wb:decimal>1</wb:decimal>
  </wb:data>
  <wb:data>
    <wb:indicator id="NY.ADJ.DCO2.GN.ZS">Adjusted savings: carbon dioxide damage (% of GNI)</wb:indicator>
    <wb:country id="ET">Ethiopia</wb:country>
    <wb:countryiso3code>ETH</wb:countryiso3code>
    <wb:date>2014</wb:date>
    <wb:value>0.749637864364212</wb:value>
    <wb:unit />
    <wb:obs_status />
    <wb:decimal>1</wb:decimal>
  </wb:data>
  <wb:data>
    <wb:indicator id="NY.ADJ.DCO2.GN.ZS">Adjusted savings: carbon dioxide damage (% of GNI)</wb:indicator>
    <wb:country id="ET">Ethiopia</wb:country>
    <wb:countryiso3code>ETH</wb:countryiso3code>
    <wb:date>2013</wb:date>
    <wb:value>0.700357555223421</wb:value>
    <wb:unit />
    <wb:obs_status />
    <wb:decimal>1</wb:decimal>
  </wb:data>
  <wb:data>
    <wb:indicator id="NY.ADJ.DCO2.GN.ZS">Adjusted savings: carbon dioxide damage (% of GNI)</wb:indicator>
    <wb:country id="ET">Ethiopia</wb:country>
    <wb:countryiso3code>ETH</wb:countryiso3code>
    <wb:date>2012</wb:date>
    <wb:value>0.612126718748122</wb:value>
    <wb:unit />
    <wb:obs_status />
    <wb:decimal>1</wb:decimal>
  </wb:data>
  <wb:data>
    <wb:indicator id="NY.ADJ.DCO2.GN.ZS">Adjusted savings: carbon dioxide damage (% of GNI)</wb:indicator>
    <wb:country id="ET">Ethiopia</wb:country>
    <wb:countryiso3code>ETH</wb:countryiso3code>
    <wb:date>2011</wb:date>
    <wb:value>0.704435453906347</wb:value>
    <wb:unit />
    <wb:obs_status />
    <wb:decimal>1</wb:decimal>
  </wb:data>
  <wb:data>
    <wb:indicator id="NY.ADJ.DCO2.GN.ZS">Adjusted savings: carbon dioxide damage (% of GNI)</wb:indicator>
    <wb:country id="ET">Ethiopia</wb:country>
    <wb:countryiso3code>ETH</wb:countryiso3code>
    <wb:date>2010</wb:date>
    <wb:value>0.622823406310547</wb:value>
    <wb:unit />
    <wb:obs_status />
    <wb:decimal>1</wb:decimal>
  </wb:data>
  <wb:data>
    <wb:indicator id="NY.ADJ.DCO2.GN.ZS">Adjusted savings: carbon dioxide damage (% of GNI)</wb:indicator>
    <wb:country id="ET">Ethiopia</wb:country>
    <wb:countryiso3code>ETH</wb:countryiso3code>
    <wb:date>2009</wb:date>
    <wb:value>0.591143908985471</wb:value>
    <wb:unit />
    <wb:obs_status />
    <wb:decimal>1</wb:decimal>
  </wb:data>
  <wb:data>
    <wb:indicator id="NY.ADJ.DCO2.GN.ZS">Adjusted savings: carbon dioxide damage (% of GNI)</wb:indicator>
    <wb:country id="ET">Ethiopia</wb:country>
    <wb:countryiso3code>ETH</wb:countryiso3code>
    <wb:date>2008</wb:date>
    <wb:value>0.683563468364809</wb:value>
    <wb:unit />
    <wb:obs_status />
    <wb:decimal>1</wb:decimal>
  </wb:data>
  <wb:data>
    <wb:indicator id="NY.ADJ.DCO2.GN.ZS">Adjusted savings: carbon dioxide damage (% of GNI)</wb:indicator>
    <wb:country id="ET">Ethiopia</wb:country>
    <wb:countryiso3code>ETH</wb:countryiso3code>
    <wb:date>2007</wb:date>
    <wb:value>0.799057922368708</wb:value>
    <wb:unit />
    <wb:obs_status />
    <wb:decimal>1</wb:decimal>
  </wb:data>
  <wb:data>
    <wb:indicator id="NY.ADJ.DCO2.GN.ZS">Adjusted savings: carbon dioxide damage (% of GNI)</wb:indicator>
    <wb:country id="ET">Ethiopia</wb:country>
    <wb:countryiso3code>ETH</wb:countryiso3code>
    <wb:date>2006</wb:date>
    <wb:value>0.872148207482707</wb:value>
    <wb:unit />
    <wb:obs_status />
    <wb:decimal>1</wb:decimal>
  </wb:data>
  <wb:data>
    <wb:indicator id="NY.ADJ.DCO2.GN.ZS">Adjusted savings: carbon dioxide damage (% of GNI)</wb:indicator>
    <wb:country id="ET">Ethiopia</wb:country>
    <wb:countryiso3code>ETH</wb:countryiso3code>
    <wb:date>2005</wb:date>
    <wb:value>0.950020101092514</wb:value>
    <wb:unit />
    <wb:obs_status />
    <wb:decimal>1</wb:decimal>
  </wb:data>
  <wb:data>
    <wb:indicator id="NY.ADJ.DCO2.GN.ZS">Adjusted savings: carbon dioxide damage (% of GNI)</wb:indicator>
    <wb:country id="ET">Ethiopia</wb:country>
    <wb:countryiso3code>ETH</wb:countryiso3code>
    <wb:date>2004</wb:date>
    <wb:value>1.1677439020284</wb:value>
    <wb:unit />
    <wb:obs_status />
    <wb:decimal>1</wb:decimal>
  </wb:data>
  <wb:data>
    <wb:indicator id="NY.ADJ.DCO2.GN.ZS">Adjusted savings: carbon dioxide damage (% of GNI)</wb:indicator>
    <wb:country id="ET">Ethiopia</wb:country>
    <wb:countryiso3code>ETH</wb:countryiso3code>
    <wb:date>2003</wb:date>
    <wb:value>1.24218170146592</wb:value>
    <wb:unit />
    <wb:obs_status />
    <wb:decimal>1</wb:decimal>
  </wb:data>
  <wb:data>
    <wb:indicator id="NY.ADJ.DCO2.GN.ZS">Adjusted savings: carbon dioxide damage (% of GNI)</wb:indicator>
    <wb:country id="ET">Ethiopia</wb:country>
    <wb:countryiso3code>ETH</wb:countryiso3code>
    <wb:date>2002</wb:date>
    <wb:value>1.18310630205829</wb:value>
    <wb:unit />
    <wb:obs_status />
    <wb:decimal>1</wb:decimal>
  </wb:data>
  <wb:data>
    <wb:indicator id="NY.ADJ.DCO2.GN.ZS">Adjusted savings: carbon dioxide damage (% of GNI)</wb:indicator>
    <wb:country id="ET">Ethiopia</wb:country>
    <wb:countryiso3code>ETH</wb:countryiso3code>
    <wb:date>2001</wb:date>
    <wb:value>1.04752094262423</wb:value>
    <wb:unit />
    <wb:obs_status />
    <wb:decimal>1</wb:decimal>
  </wb:data>
  <wb:data>
    <wb:indicator id="NY.ADJ.DCO2.GN.ZS">Adjusted savings: carbon dioxide damage (% of GNI)</wb:indicator>
    <wb:country id="ET">Ethiopia</wb:country>
    <wb:countryiso3code>ETH</wb:countryiso3code>
    <wb:date>2000</wb:date>
    <wb:value>0.816969512988684</wb:value>
    <wb:unit />
    <wb:obs_status />
    <wb:decimal>1</wb:decimal>
  </wb:data>
  <wb:data>
    <wb:indicator id="NY.ADJ.DCO2.GN.ZS">Adjusted savings: carbon dioxide damage (% of GNI)</wb:indicator>
    <wb:country id="ET">Ethiopia</wb:country>
    <wb:countryiso3code>ETH</wb:countryiso3code>
    <wb:date>1999</wb:date>
    <wb:value>0.740903153165442</wb:value>
    <wb:unit />
    <wb:obs_status />
    <wb:decimal>1</wb:decimal>
  </wb:data>
  <wb:data>
    <wb:indicator id="NY.ADJ.DCO2.GN.ZS">Adjusted savings: carbon dioxide damage (% of GNI)</wb:indicator>
    <wb:country id="ET">Ethiopia</wb:country>
    <wb:countryiso3code>ETH</wb:countryiso3code>
    <wb:date>1998</wb:date>
    <wb:value>0.715719749378045</wb:value>
    <wb:unit />
    <wb:obs_status />
    <wb:decimal>1</wb:decimal>
  </wb:data>
  <wb:data>
    <wb:indicator id="NY.ADJ.DCO2.GN.ZS">Adjusted savings: carbon dioxide damage (% of GNI)</wb:indicator>
    <wb:country id="ET">Ethiopia</wb:country>
    <wb:countryiso3code>ETH</wb:countryiso3code>
    <wb:date>1997</wb:date>
    <wb:value>0.596928695641334</wb:value>
    <wb:unit />
    <wb:obs_status />
    <wb:decimal>1</wb:decimal>
  </wb:data>
  <wb:data>
    <wb:indicator id="NY.ADJ.DCO2.GN.ZS">Adjusted savings: carbon dioxide damage (% of GNI)</wb:indicator>
    <wb:country id="ET">Ethiopia</wb:country>
    <wb:countryiso3code>ETH</wb:countryiso3code>
    <wb:date>1996</wb:date>
    <wb:value>0.54109731326873</wb:value>
    <wb:unit />
    <wb:obs_status />
    <wb:decimal>1</wb:decimal>
  </wb:data>
  <wb:data>
    <wb:indicator id="NY.ADJ.DCO2.GN.ZS">Adjusted savings: carbon dioxide damage (% of GNI)</wb:indicator>
    <wb:country id="ET">Ethiopia</wb:country>
    <wb:countryiso3code>ETH</wb:countryiso3code>
    <wb:date>1995</wb:date>
    <wb:value>0.519855255603922</wb:value>
    <wb:unit />
    <wb:obs_status />
    <wb:decimal>1</wb:decimal>
  </wb:data>
  <wb:data>
    <wb:indicator id="NY.ADJ.DCO2.GN.ZS">Adjusted savings: carbon dioxide damage (% of GNI)</wb:indicator>
    <wb:country id="ET">Ethiopia</wb:country>
    <wb:countryiso3code>ETH</wb:countryiso3code>
    <wb:date>1994</wb:date>
    <wb:value>0.486801628926222</wb:value>
    <wb:unit />
    <wb:obs_status />
    <wb:decimal>1</wb:decimal>
  </wb:data>
  <wb:data>
    <wb:indicator id="NY.ADJ.DCO2.GN.ZS">Adjusted savings: carbon dioxide damage (% of GNI)</wb:indicator>
    <wb:country id="ET">Ethiopia</wb:country>
    <wb:countryiso3code>ETH</wb:countryiso3code>
    <wb:date>1993</wb:date>
    <wb:value>0.313131915634205</wb:value>
    <wb:unit />
    <wb:obs_status />
    <wb:decimal>1</wb:decimal>
  </wb:data>
  <wb:data>
    <wb:indicator id="NY.ADJ.DCO2.GN.ZS">Adjusted savings: carbon dioxide damage (% of GNI)</wb:indicator>
    <wb:country id="ET">Ethiopia</wb:country>
    <wb:countryiso3code>ETH</wb:countryiso3code>
    <wb:date>1992</wb:date>
    <wb:value>0.196663696647792</wb:value>
    <wb:unit />
    <wb:obs_status />
    <wb:decimal>1</wb:decimal>
  </wb:data>
  <wb:data>
    <wb:indicator id="NY.ADJ.DCO2.GN.ZS">Adjusted savings: carbon dioxide damage (% of GNI)</wb:indicator>
    <wb:country id="ET">Ethiopia</wb:country>
    <wb:countryiso3code>ETH</wb:countryiso3code>
    <wb:date>1991</wb:date>
    <wb:value>0.223822011682951</wb:value>
    <wb:unit />
    <wb:obs_status />
    <wb:decimal>1</wb:decimal>
  </wb:data>
  <wb:data>
    <wb:indicator id="NY.ADJ.DCO2.GN.ZS">Adjusted savings: carbon dioxide damage (% of GNI)</wb:indicator>
    <wb:country id="ET">Ethiopia</wb:country>
    <wb:countryiso3code>ETH</wb:countryiso3code>
    <wb:date>1990</wb:date>
    <wb:value>0.231971665232882</wb:value>
    <wb:unit />
    <wb:obs_status />
    <wb:decimal>1</wb:decimal>
  </wb:data>
  <wb:data>
    <wb:indicator id="NY.ADJ.DCO2.GN.ZS">Adjusted savings: carbon dioxide damage (% of GNI)</wb:indicator>
    <wb:country id="ET">Ethiopia</wb:country>
    <wb:countryiso3code>ETH</wb:countryiso3code>
    <wb:date>1989</wb:date>
    <wb:value>0.284396103072325</wb:value>
    <wb:unit />
    <wb:obs_status />
    <wb:decimal>1</wb:decimal>
  </wb:data>
  <wb:data>
    <wb:indicator id="NY.ADJ.DCO2.GN.ZS">Adjusted savings: carbon dioxide damage (% of GNI)</wb:indicator>
    <wb:country id="ET">Ethiopia</wb:country>
    <wb:countryiso3code>ETH</wb:countryiso3code>
    <wb:date>1988</wb:date>
    <wb:value>0.26617742254875</wb:value>
    <wb:unit />
    <wb:obs_status />
    <wb:decimal>1</wb:decimal>
  </wb:data>
  <wb:data>
    <wb:indicator id="NY.ADJ.DCO2.GN.ZS">Adjusted savings: carbon dioxide damage (% of GNI)</wb:indicator>
    <wb:country id="ET">Ethiopia</wb:country>
    <wb:countryiso3code>ETH</wb:countryiso3code>
    <wb:date>1987</wb:date>
    <wb:value>0.251287048818795</wb:value>
    <wb:unit />
    <wb:obs_status />
    <wb:decimal>1</wb:decimal>
  </wb:data>
  <wb:data>
    <wb:indicator id="NY.ADJ.DCO2.GN.ZS">Adjusted savings: carbon dioxide damage (% of GNI)</wb:indicator>
    <wb:country id="ET">Ethiopia</wb:country>
    <wb:countryiso3code>ETH</wb:countryiso3code>
    <wb:date>1986</wb:date>
    <wb:value>0.219504451822904</wb:value>
    <wb:unit />
    <wb:obs_status />
    <wb:decimal>1</wb:decimal>
  </wb:data>
  <wb:data>
    <wb:indicator id="NY.ADJ.DCO2.GN.ZS">Adjusted savings: carbon dioxide damage (% of GNI)</wb:indicator>
    <wb:country id="ET">Ethiopia</wb:country>
    <wb:countryiso3code>ETH</wb:countryiso3code>
    <wb:date>1985</wb:date>
    <wb:value>0.179274820845355</wb:value>
    <wb:unit />
    <wb:obs_status />
    <wb:decimal>1</wb:decimal>
  </wb:data>
  <wb:data>
    <wb:indicator id="NY.ADJ.DCO2.GN.ZS">Adjusted savings: carbon dioxide damage (% of GNI)</wb:indicator>
    <wb:country id="ET">Ethiopia</wb:country>
    <wb:countryiso3code>ETH</wb:countryiso3code>
    <wb:date>1984</wb:date>
    <wb:value>0.182331784325868</wb:value>
    <wb:unit />
    <wb:obs_status />
    <wb:decimal>1</wb:decimal>
  </wb:data>
  <wb:data>
    <wb:indicator id="NY.ADJ.DCO2.GN.ZS">Adjusted savings: carbon dioxide damage (% of GNI)</wb:indicator>
    <wb:country id="ET">Ethiopia</wb:country>
    <wb:countryiso3code>ETH</wb:countryiso3code>
    <wb:date>1983</wb:date>
    <wb:value>0.179753672540103</wb:value>
    <wb:unit />
    <wb:obs_status />
    <wb:decimal>1</wb:decimal>
  </wb:data>
  <wb:data>
    <wb:indicator id="NY.ADJ.DCO2.GN.ZS">Adjusted savings: carbon dioxide damage (% of GNI)</wb:indicator>
    <wb:country id="ET">Ethiopia</wb:country>
    <wb:countryiso3code>ETH</wb:countryiso3code>
    <wb:date>1982</wb:date>
    <wb:value>0.150832275975462</wb:value>
    <wb:unit />
    <wb:obs_status />
    <wb:decimal>1</wb:decimal>
  </wb:data>
  <wb:data>
    <wb:indicator id="NY.ADJ.DCO2.GN.ZS">Adjusted savings: carbon dioxide damage (% of GNI)</wb:indicator>
    <wb:country id="ET">Ethiopia</wb:country>
    <wb:countryiso3code>ETH</wb:countryiso3code>
    <wb:date>1981</wb:date>
    <wb:value>0.184553900539611</wb:value>
    <wb:unit />
    <wb:obs_status />
    <wb:decimal>1</wb:decimal>
  </wb:data>
  <wb:data>
    <wb:indicator id="NY.ADJ.DCO2.GN.ZS">Adjusted savings: carbon dioxide damage (% of GNI)</wb:indicator>
    <wb:country id="ET">Ethiopia</wb:country>
    <wb:countryiso3code>ETH</wb:countryiso3code>
    <wb:date>1980</wb:date>
    <wb:value />
    <wb:unit />
    <wb:obs_status />
    <wb:decimal>1</wb:decimal>
  </wb:data>
  <wb:data>
    <wb:indicator id="NY.ADJ.DCO2.GN.ZS">Adjusted savings: carbon dioxide damage (% of GNI)</wb:indicator>
    <wb:country id="ET">Ethiopia</wb:country>
    <wb:countryiso3code>ETH</wb:countryiso3code>
    <wb:date>1979</wb:date>
    <wb:value />
    <wb:unit />
    <wb:obs_status />
    <wb:decimal>1</wb:decimal>
  </wb:data>
  <wb:data>
    <wb:indicator id="NY.ADJ.DCO2.GN.ZS">Adjusted savings: carbon dioxide damage (% of GNI)</wb:indicator>
    <wb:country id="ET">Ethiopia</wb:country>
    <wb:countryiso3code>ETH</wb:countryiso3code>
    <wb:date>1978</wb:date>
    <wb:value />
    <wb:unit />
    <wb:obs_status />
    <wb:decimal>1</wb:decimal>
  </wb:data>
  <wb:data>
    <wb:indicator id="NY.ADJ.DCO2.GN.ZS">Adjusted savings: carbon dioxide damage (% of GNI)</wb:indicator>
    <wb:country id="ET">Ethiopia</wb:country>
    <wb:countryiso3code>ETH</wb:countryiso3code>
    <wb:date>1977</wb:date>
    <wb:value />
    <wb:unit />
    <wb:obs_status />
    <wb:decimal>1</wb:decimal>
  </wb:data>
  <wb:data>
    <wb:indicator id="NY.ADJ.DCO2.GN.ZS">Adjusted savings: carbon dioxide damage (% of GNI)</wb:indicator>
    <wb:country id="ET">Ethiopia</wb:country>
    <wb:countryiso3code>ETH</wb:countryiso3code>
    <wb:date>1976</wb:date>
    <wb:value />
    <wb:unit />
    <wb:obs_status />
    <wb:decimal>1</wb:decimal>
  </wb:data>
  <wb:data>
    <wb:indicator id="NY.ADJ.DCO2.GN.ZS">Adjusted savings: carbon dioxide damage (% of GNI)</wb:indicator>
    <wb:country id="ET">Ethiopia</wb:country>
    <wb:countryiso3code>ETH</wb:countryiso3code>
    <wb:date>1975</wb:date>
    <wb:value />
    <wb:unit />
    <wb:obs_status />
    <wb:decimal>1</wb:decimal>
  </wb:data>
  <wb:data>
    <wb:indicator id="NY.ADJ.DCO2.GN.ZS">Adjusted savings: carbon dioxide damage (% of GNI)</wb:indicator>
    <wb:country id="ET">Ethiopia</wb:country>
    <wb:countryiso3code>ETH</wb:countryiso3code>
    <wb:date>1974</wb:date>
    <wb:value />
    <wb:unit />
    <wb:obs_status />
    <wb:decimal>1</wb:decimal>
  </wb:data>
  <wb:data>
    <wb:indicator id="NY.ADJ.DCO2.GN.ZS">Adjusted savings: carbon dioxide damage (% of GNI)</wb:indicator>
    <wb:country id="ET">Ethiopia</wb:country>
    <wb:countryiso3code>ETH</wb:countryiso3code>
    <wb:date>1973</wb:date>
    <wb:value />
    <wb:unit />
    <wb:obs_status />
    <wb:decimal>1</wb:decimal>
  </wb:data>
</wb:data>