<?xml version="1.0" encoding="utf-8"?>
<wb:data page="1" pages="2" per_page="50" total="63" sourceid="2" lastupdated="2023-07-25" xmlns:wb="http://www.worldbank.org">
  <wb:data>
    <wb:indicator id="DT.DOD.DPPG.CD">External debt stocks, public and publicly guaranteed (PPG) (DOD, current US$)</wb:indicator>
    <wb:country id="ET">Ethiopia</wb:country>
    <wb:countryiso3code>ETH</wb:countryiso3code>
    <wb:date>2022</wb:date>
    <wb:value />
    <wb:unit />
    <wb:obs_status />
    <wb:decimal>0</wb:decimal>
  </wb:data>
  <wb:data>
    <wb:indicator id="DT.DOD.DPPG.CD">External debt stocks, public and publicly guaranteed (PPG) (DOD, current US$)</wb:indicator>
    <wb:country id="ET">Ethiopia</wb:country>
    <wb:countryiso3code>ETH</wb:countryiso3code>
    <wb:date>2021</wb:date>
    <wb:value>28171316984.2</wb:value>
    <wb:unit />
    <wb:obs_status />
    <wb:decimal>0</wb:decimal>
  </wb:data>
  <wb:data>
    <wb:indicator id="DT.DOD.DPPG.CD">External debt stocks, public and publicly guaranteed (PPG) (DOD, current US$)</wb:indicator>
    <wb:country id="ET">Ethiopia</wb:country>
    <wb:countryiso3code>ETH</wb:countryiso3code>
    <wb:date>2020</wb:date>
    <wb:value>29015425752.2</wb:value>
    <wb:unit />
    <wb:obs_status />
    <wb:decimal>0</wb:decimal>
  </wb:data>
  <wb:data>
    <wb:indicator id="DT.DOD.DPPG.CD">External debt stocks, public and publicly guaranteed (PPG) (DOD, current US$)</wb:indicator>
    <wb:country id="ET">Ethiopia</wb:country>
    <wb:countryiso3code>ETH</wb:countryiso3code>
    <wb:date>2019</wb:date>
    <wb:value>27576189585.8</wb:value>
    <wb:unit />
    <wb:obs_status />
    <wb:decimal>0</wb:decimal>
  </wb:data>
  <wb:data>
    <wb:indicator id="DT.DOD.DPPG.CD">External debt stocks, public and publicly guaranteed (PPG) (DOD, current US$)</wb:indicator>
    <wb:country id="ET">Ethiopia</wb:country>
    <wb:countryiso3code>ETH</wb:countryiso3code>
    <wb:date>2018</wb:date>
    <wb:value>26850450282.7</wb:value>
    <wb:unit />
    <wb:obs_status />
    <wb:decimal>0</wb:decimal>
  </wb:data>
  <wb:data>
    <wb:indicator id="DT.DOD.DPPG.CD">External debt stocks, public and publicly guaranteed (PPG) (DOD, current US$)</wb:indicator>
    <wb:country id="ET">Ethiopia</wb:country>
    <wb:countryiso3code>ETH</wb:countryiso3code>
    <wb:date>2017</wb:date>
    <wb:value>25234772829.6</wb:value>
    <wb:unit />
    <wb:obs_status />
    <wb:decimal>0</wb:decimal>
  </wb:data>
  <wb:data>
    <wb:indicator id="DT.DOD.DPPG.CD">External debt stocks, public and publicly guaranteed (PPG) (DOD, current US$)</wb:indicator>
    <wb:country id="ET">Ethiopia</wb:country>
    <wb:countryiso3code>ETH</wb:countryiso3code>
    <wb:date>2016</wb:date>
    <wb:value>22133972466.1</wb:value>
    <wb:unit />
    <wb:obs_status />
    <wb:decimal>0</wb:decimal>
  </wb:data>
  <wb:data>
    <wb:indicator id="DT.DOD.DPPG.CD">External debt stocks, public and publicly guaranteed (PPG) (DOD, current US$)</wb:indicator>
    <wb:country id="ET">Ethiopia</wb:country>
    <wb:countryiso3code>ETH</wb:countryiso3code>
    <wb:date>2015</wb:date>
    <wb:value>19496472126.8</wb:value>
    <wb:unit />
    <wb:obs_status />
    <wb:decimal>0</wb:decimal>
  </wb:data>
  <wb:data>
    <wb:indicator id="DT.DOD.DPPG.CD">External debt stocks, public and publicly guaranteed (PPG) (DOD, current US$)</wb:indicator>
    <wb:country id="ET">Ethiopia</wb:country>
    <wb:countryiso3code>ETH</wb:countryiso3code>
    <wb:date>2014</wb:date>
    <wb:value>16201326305.3</wb:value>
    <wb:unit />
    <wb:obs_status />
    <wb:decimal>0</wb:decimal>
  </wb:data>
  <wb:data>
    <wb:indicator id="DT.DOD.DPPG.CD">External debt stocks, public and publicly guaranteed (PPG) (DOD, current US$)</wb:indicator>
    <wb:country id="ET">Ethiopia</wb:country>
    <wb:countryiso3code>ETH</wb:countryiso3code>
    <wb:date>2013</wb:date>
    <wb:value>11895144906.9</wb:value>
    <wb:unit />
    <wb:obs_status />
    <wb:decimal>0</wb:decimal>
  </wb:data>
  <wb:data>
    <wb:indicator id="DT.DOD.DPPG.CD">External debt stocks, public and publicly guaranteed (PPG) (DOD, current US$)</wb:indicator>
    <wb:country id="ET">Ethiopia</wb:country>
    <wb:countryiso3code>ETH</wb:countryiso3code>
    <wb:date>2012</wb:date>
    <wb:value>9943516371.1</wb:value>
    <wb:unit />
    <wb:obs_status />
    <wb:decimal>0</wb:decimal>
  </wb:data>
  <wb:data>
    <wb:indicator id="DT.DOD.DPPG.CD">External debt stocks, public and publicly guaranteed (PPG) (DOD, current US$)</wb:indicator>
    <wb:country id="ET">Ethiopia</wb:country>
    <wb:countryiso3code>ETH</wb:countryiso3code>
    <wb:date>2011</wb:date>
    <wb:value>7941541673.3</wb:value>
    <wb:unit />
    <wb:obs_status />
    <wb:decimal>0</wb:decimal>
  </wb:data>
  <wb:data>
    <wb:indicator id="DT.DOD.DPPG.CD">External debt stocks, public and publicly guaranteed (PPG) (DOD, current US$)</wb:indicator>
    <wb:country id="ET">Ethiopia</wb:country>
    <wb:countryiso3code>ETH</wb:countryiso3code>
    <wb:date>2010</wb:date>
    <wb:value>6498839699.6</wb:value>
    <wb:unit />
    <wb:obs_status />
    <wb:decimal>0</wb:decimal>
  </wb:data>
  <wb:data>
    <wb:indicator id="DT.DOD.DPPG.CD">External debt stocks, public and publicly guaranteed (PPG) (DOD, current US$)</wb:indicator>
    <wb:country id="ET">Ethiopia</wb:country>
    <wb:countryiso3code>ETH</wb:countryiso3code>
    <wb:date>2009</wb:date>
    <wb:value>4762971186.8</wb:value>
    <wb:unit />
    <wb:obs_status />
    <wb:decimal>0</wb:decimal>
  </wb:data>
  <wb:data>
    <wb:indicator id="DT.DOD.DPPG.CD">External debt stocks, public and publicly guaranteed (PPG) (DOD, current US$)</wb:indicator>
    <wb:country id="ET">Ethiopia</wb:country>
    <wb:countryiso3code>ETH</wb:countryiso3code>
    <wb:date>2008</wb:date>
    <wb:value>2771253451.3</wb:value>
    <wb:unit />
    <wb:obs_status />
    <wb:decimal>0</wb:decimal>
  </wb:data>
  <wb:data>
    <wb:indicator id="DT.DOD.DPPG.CD">External debt stocks, public and publicly guaranteed (PPG) (DOD, current US$)</wb:indicator>
    <wb:country id="ET">Ethiopia</wb:country>
    <wb:countryiso3code>ETH</wb:countryiso3code>
    <wb:date>2007</wb:date>
    <wb:value>2507570774.5</wb:value>
    <wb:unit />
    <wb:obs_status />
    <wb:decimal>0</wb:decimal>
  </wb:data>
  <wb:data>
    <wb:indicator id="DT.DOD.DPPG.CD">External debt stocks, public and publicly guaranteed (PPG) (DOD, current US$)</wb:indicator>
    <wb:country id="ET">Ethiopia</wb:country>
    <wb:countryiso3code>ETH</wb:countryiso3code>
    <wb:date>2006</wb:date>
    <wb:value>2141206027.3</wb:value>
    <wb:unit />
    <wb:obs_status />
    <wb:decimal>0</wb:decimal>
  </wb:data>
  <wb:data>
    <wb:indicator id="DT.DOD.DPPG.CD">External debt stocks, public and publicly guaranteed (PPG) (DOD, current US$)</wb:indicator>
    <wb:country id="ET">Ethiopia</wb:country>
    <wb:countryiso3code>ETH</wb:countryiso3code>
    <wb:date>2005</wb:date>
    <wb:value>5871759061.5</wb:value>
    <wb:unit />
    <wb:obs_status />
    <wb:decimal>0</wb:decimal>
  </wb:data>
  <wb:data>
    <wb:indicator id="DT.DOD.DPPG.CD">External debt stocks, public and publicly guaranteed (PPG) (DOD, current US$)</wb:indicator>
    <wb:country id="ET">Ethiopia</wb:country>
    <wb:countryiso3code>ETH</wb:countryiso3code>
    <wb:date>2004</wb:date>
    <wb:value>6294821452.3</wb:value>
    <wb:unit />
    <wb:obs_status />
    <wb:decimal>0</wb:decimal>
  </wb:data>
  <wb:data>
    <wb:indicator id="DT.DOD.DPPG.CD">External debt stocks, public and publicly guaranteed (PPG) (DOD, current US$)</wb:indicator>
    <wb:country id="ET">Ethiopia</wb:country>
    <wb:countryiso3code>ETH</wb:countryiso3code>
    <wb:date>2003</wb:date>
    <wb:value>7043842799.3</wb:value>
    <wb:unit />
    <wb:obs_status />
    <wb:decimal>0</wb:decimal>
  </wb:data>
  <wb:data>
    <wb:indicator id="DT.DOD.DPPG.CD">External debt stocks, public and publicly guaranteed (PPG) (DOD, current US$)</wb:indicator>
    <wb:country id="ET">Ethiopia</wb:country>
    <wb:countryiso3code>ETH</wb:countryiso3code>
    <wb:date>2002</wb:date>
    <wb:value>6337040280.1</wb:value>
    <wb:unit />
    <wb:obs_status />
    <wb:decimal>0</wb:decimal>
  </wb:data>
  <wb:data>
    <wb:indicator id="DT.DOD.DPPG.CD">External debt stocks, public and publicly guaranteed (PPG) (DOD, current US$)</wb:indicator>
    <wb:country id="ET">Ethiopia</wb:country>
    <wb:countryiso3code>ETH</wb:countryiso3code>
    <wb:date>2001</wb:date>
    <wb:value>5572556283</wb:value>
    <wb:unit />
    <wb:obs_status />
    <wb:decimal>0</wb:decimal>
  </wb:data>
  <wb:data>
    <wb:indicator id="DT.DOD.DPPG.CD">External debt stocks, public and publicly guaranteed (PPG) (DOD, current US$)</wb:indicator>
    <wb:country id="ET">Ethiopia</wb:country>
    <wb:countryiso3code>ETH</wb:countryiso3code>
    <wb:date>2000</wb:date>
    <wb:value>5338840853.8</wb:value>
    <wb:unit />
    <wb:obs_status />
    <wb:decimal>0</wb:decimal>
  </wb:data>
  <wb:data>
    <wb:indicator id="DT.DOD.DPPG.CD">External debt stocks, public and publicly guaranteed (PPG) (DOD, current US$)</wb:indicator>
    <wb:country id="ET">Ethiopia</wb:country>
    <wb:countryiso3code>ETH</wb:countryiso3code>
    <wb:date>1999</wb:date>
    <wb:value>5374811148.4</wb:value>
    <wb:unit />
    <wb:obs_status />
    <wb:decimal>0</wb:decimal>
  </wb:data>
  <wb:data>
    <wb:indicator id="DT.DOD.DPPG.CD">External debt stocks, public and publicly guaranteed (PPG) (DOD, current US$)</wb:indicator>
    <wb:country id="ET">Ethiopia</wb:country>
    <wb:countryiso3code>ETH</wb:countryiso3code>
    <wb:date>1998</wb:date>
    <wb:value>9627396781.9</wb:value>
    <wb:unit />
    <wb:obs_status />
    <wb:decimal>0</wb:decimal>
  </wb:data>
  <wb:data>
    <wb:indicator id="DT.DOD.DPPG.CD">External debt stocks, public and publicly guaranteed (PPG) (DOD, current US$)</wb:indicator>
    <wb:country id="ET">Ethiopia</wb:country>
    <wb:countryiso3code>ETH</wb:countryiso3code>
    <wb:date>1997</wb:date>
    <wb:value>9438270853.5</wb:value>
    <wb:unit />
    <wb:obs_status />
    <wb:decimal>0</wb:decimal>
  </wb:data>
  <wb:data>
    <wb:indicator id="DT.DOD.DPPG.CD">External debt stocks, public and publicly guaranteed (PPG) (DOD, current US$)</wb:indicator>
    <wb:country id="ET">Ethiopia</wb:country>
    <wb:countryiso3code>ETH</wb:countryiso3code>
    <wb:date>1996</wb:date>
    <wb:value>9497620197.3</wb:value>
    <wb:unit />
    <wb:obs_status />
    <wb:decimal>0</wb:decimal>
  </wb:data>
  <wb:data>
    <wb:indicator id="DT.DOD.DPPG.CD">External debt stocks, public and publicly guaranteed (PPG) (DOD, current US$)</wb:indicator>
    <wb:country id="ET">Ethiopia</wb:country>
    <wb:countryiso3code>ETH</wb:countryiso3code>
    <wb:date>1995</wb:date>
    <wb:value>9789956593.1</wb:value>
    <wb:unit />
    <wb:obs_status />
    <wb:decimal>0</wb:decimal>
  </wb:data>
  <wb:data>
    <wb:indicator id="DT.DOD.DPPG.CD">External debt stocks, public and publicly guaranteed (PPG) (DOD, current US$)</wb:indicator>
    <wb:country id="ET">Ethiopia</wb:country>
    <wb:countryiso3code>ETH</wb:countryiso3code>
    <wb:date>1994</wb:date>
    <wb:value>9583586821.6</wb:value>
    <wb:unit />
    <wb:obs_status />
    <wb:decimal>0</wb:decimal>
  </wb:data>
  <wb:data>
    <wb:indicator id="DT.DOD.DPPG.CD">External debt stocks, public and publicly guaranteed (PPG) (DOD, current US$)</wb:indicator>
    <wb:country id="ET">Ethiopia</wb:country>
    <wb:countryiso3code>ETH</wb:countryiso3code>
    <wb:date>1993</wb:date>
    <wb:value>9300872875.6</wb:value>
    <wb:unit />
    <wb:obs_status />
    <wb:decimal>0</wb:decimal>
  </wb:data>
  <wb:data>
    <wb:indicator id="DT.DOD.DPPG.CD">External debt stocks, public and publicly guaranteed (PPG) (DOD, current US$)</wb:indicator>
    <wb:country id="ET">Ethiopia</wb:country>
    <wb:countryiso3code>ETH</wb:countryiso3code>
    <wb:date>1992</wb:date>
    <wb:value>9017502979.4</wb:value>
    <wb:unit />
    <wb:obs_status />
    <wb:decimal>0</wb:decimal>
  </wb:data>
  <wb:data>
    <wb:indicator id="DT.DOD.DPPG.CD">External debt stocks, public and publicly guaranteed (PPG) (DOD, current US$)</wb:indicator>
    <wb:country id="ET">Ethiopia</wb:country>
    <wb:countryiso3code>ETH</wb:countryiso3code>
    <wb:date>1991</wb:date>
    <wb:value>8857863685.9</wb:value>
    <wb:unit />
    <wb:obs_status />
    <wb:decimal>0</wb:decimal>
  </wb:data>
  <wb:data>
    <wb:indicator id="DT.DOD.DPPG.CD">External debt stocks, public and publicly guaranteed (PPG) (DOD, current US$)</wb:indicator>
    <wb:country id="ET">Ethiopia</wb:country>
    <wb:countryiso3code>ETH</wb:countryiso3code>
    <wb:date>1990</wb:date>
    <wb:value>8493402568.4</wb:value>
    <wb:unit />
    <wb:obs_status />
    <wb:decimal>0</wb:decimal>
  </wb:data>
  <wb:data>
    <wb:indicator id="DT.DOD.DPPG.CD">External debt stocks, public and publicly guaranteed (PPG) (DOD, current US$)</wb:indicator>
    <wb:country id="ET">Ethiopia</wb:country>
    <wb:countryiso3code>ETH</wb:countryiso3code>
    <wb:date>1989</wb:date>
    <wb:value>7713650695.9</wb:value>
    <wb:unit />
    <wb:obs_status />
    <wb:decimal>0</wb:decimal>
  </wb:data>
  <wb:data>
    <wb:indicator id="DT.DOD.DPPG.CD">External debt stocks, public and publicly guaranteed (PPG) (DOD, current US$)</wb:indicator>
    <wb:country id="ET">Ethiopia</wb:country>
    <wb:countryiso3code>ETH</wb:countryiso3code>
    <wb:date>1988</wb:date>
    <wb:value>7528443373.5</wb:value>
    <wb:unit />
    <wb:obs_status />
    <wb:decimal>0</wb:decimal>
  </wb:data>
  <wb:data>
    <wb:indicator id="DT.DOD.DPPG.CD">External debt stocks, public and publicly guaranteed (PPG) (DOD, current US$)</wb:indicator>
    <wb:country id="ET">Ethiopia</wb:country>
    <wb:countryiso3code>ETH</wb:countryiso3code>
    <wb:date>1987</wb:date>
    <wb:value>7204116850.1</wb:value>
    <wb:unit />
    <wb:obs_status />
    <wb:decimal>0</wb:decimal>
  </wb:data>
  <wb:data>
    <wb:indicator id="DT.DOD.DPPG.CD">External debt stocks, public and publicly guaranteed (PPG) (DOD, current US$)</wb:indicator>
    <wb:country id="ET">Ethiopia</wb:country>
    <wb:countryiso3code>ETH</wb:countryiso3code>
    <wb:date>1986</wb:date>
    <wb:value>5977039364.2</wb:value>
    <wb:unit />
    <wb:obs_status />
    <wb:decimal>0</wb:decimal>
  </wb:data>
  <wb:data>
    <wb:indicator id="DT.DOD.DPPG.CD">External debt stocks, public and publicly guaranteed (PPG) (DOD, current US$)</wb:indicator>
    <wb:country id="ET">Ethiopia</wb:country>
    <wb:countryiso3code>ETH</wb:countryiso3code>
    <wb:date>1985</wb:date>
    <wb:value>5063985605.7</wb:value>
    <wb:unit />
    <wb:obs_status />
    <wb:decimal>0</wb:decimal>
  </wb:data>
  <wb:data>
    <wb:indicator id="DT.DOD.DPPG.CD">External debt stocks, public and publicly guaranteed (PPG) (DOD, current US$)</wb:indicator>
    <wb:country id="ET">Ethiopia</wb:country>
    <wb:countryiso3code>ETH</wb:countryiso3code>
    <wb:date>1984</wb:date>
    <wb:value>4056435979.6</wb:value>
    <wb:unit />
    <wb:obs_status />
    <wb:decimal>0</wb:decimal>
  </wb:data>
  <wb:data>
    <wb:indicator id="DT.DOD.DPPG.CD">External debt stocks, public and publicly guaranteed (PPG) (DOD, current US$)</wb:indicator>
    <wb:country id="ET">Ethiopia</wb:country>
    <wb:countryiso3code>ETH</wb:countryiso3code>
    <wb:date>1983</wb:date>
    <wb:value>3648825436</wb:value>
    <wb:unit />
    <wb:obs_status />
    <wb:decimal>0</wb:decimal>
  </wb:data>
  <wb:data>
    <wb:indicator id="DT.DOD.DPPG.CD">External debt stocks, public and publicly guaranteed (PPG) (DOD, current US$)</wb:indicator>
    <wb:country id="ET">Ethiopia</wb:country>
    <wb:countryiso3code>ETH</wb:countryiso3code>
    <wb:date>1982</wb:date>
    <wb:value>3051068408</wb:value>
    <wb:unit />
    <wb:obs_status />
    <wb:decimal>0</wb:decimal>
  </wb:data>
  <wb:data>
    <wb:indicator id="DT.DOD.DPPG.CD">External debt stocks, public and publicly guaranteed (PPG) (DOD, current US$)</wb:indicator>
    <wb:country id="ET">Ethiopia</wb:country>
    <wb:countryiso3code>ETH</wb:countryiso3code>
    <wb:date>1981</wb:date>
    <wb:value>1638380176.8</wb:value>
    <wb:unit />
    <wb:obs_status />
    <wb:decimal>0</wb:decimal>
  </wb:data>
  <wb:data>
    <wb:indicator id="DT.DOD.DPPG.CD">External debt stocks, public and publicly guaranteed (PPG) (DOD, current US$)</wb:indicator>
    <wb:country id="ET">Ethiopia</wb:country>
    <wb:countryiso3code>ETH</wb:countryiso3code>
    <wb:date>1980</wb:date>
    <wb:value>687723748.4</wb:value>
    <wb:unit />
    <wb:obs_status />
    <wb:decimal>0</wb:decimal>
  </wb:data>
  <wb:data>
    <wb:indicator id="DT.DOD.DPPG.CD">External debt stocks, public and publicly guaranteed (PPG) (DOD, current US$)</wb:indicator>
    <wb:country id="ET">Ethiopia</wb:country>
    <wb:countryiso3code>ETH</wb:countryiso3code>
    <wb:date>1979</wb:date>
    <wb:value>601925518.8</wb:value>
    <wb:unit />
    <wb:obs_status />
    <wb:decimal>0</wb:decimal>
  </wb:data>
  <wb:data>
    <wb:indicator id="DT.DOD.DPPG.CD">External debt stocks, public and publicly guaranteed (PPG) (DOD, current US$)</wb:indicator>
    <wb:country id="ET">Ethiopia</wb:country>
    <wb:countryiso3code>ETH</wb:countryiso3code>
    <wb:date>1978</wb:date>
    <wb:value>500427306.5</wb:value>
    <wb:unit />
    <wb:obs_status />
    <wb:decimal>0</wb:decimal>
  </wb:data>
  <wb:data>
    <wb:indicator id="DT.DOD.DPPG.CD">External debt stocks, public and publicly guaranteed (PPG) (DOD, current US$)</wb:indicator>
    <wb:country id="ET">Ethiopia</wb:country>
    <wb:countryiso3code>ETH</wb:countryiso3code>
    <wb:date>1977</wb:date>
    <wb:value>447327486.8</wb:value>
    <wb:unit />
    <wb:obs_status />
    <wb:decimal>0</wb:decimal>
  </wb:data>
  <wb:data>
    <wb:indicator id="DT.DOD.DPPG.CD">External debt stocks, public and publicly guaranteed (PPG) (DOD, current US$)</wb:indicator>
    <wb:country id="ET">Ethiopia</wb:country>
    <wb:countryiso3code>ETH</wb:countryiso3code>
    <wb:date>1976</wb:date>
    <wb:value>402115045.9</wb:value>
    <wb:unit />
    <wb:obs_status />
    <wb:decimal>0</wb:decimal>
  </wb:data>
  <wb:data>
    <wb:indicator id="DT.DOD.DPPG.CD">External debt stocks, public and publicly guaranteed (PPG) (DOD, current US$)</wb:indicator>
    <wb:country id="ET">Ethiopia</wb:country>
    <wb:countryiso3code>ETH</wb:countryiso3code>
    <wb:date>1975</wb:date>
    <wb:value>343568365</wb:value>
    <wb:unit />
    <wb:obs_status />
    <wb:decimal>0</wb:decimal>
  </wb:data>
  <wb:data>
    <wb:indicator id="DT.DOD.DPPG.CD">External debt stocks, public and publicly guaranteed (PPG) (DOD, current US$)</wb:indicator>
    <wb:country id="ET">Ethiopia</wb:country>
    <wb:countryiso3code>ETH</wb:countryiso3code>
    <wb:date>1974</wb:date>
    <wb:value>283110667.9</wb:value>
    <wb:unit />
    <wb:obs_status />
    <wb:decimal>0</wb:decimal>
  </wb:data>
  <wb:data>
    <wb:indicator id="DT.DOD.DPPG.CD">External debt stocks, public and publicly guaranteed (PPG) (DOD, current US$)</wb:indicator>
    <wb:country id="ET">Ethiopia</wb:country>
    <wb:countryiso3code>ETH</wb:countryiso3code>
    <wb:date>1973</wb:date>
    <wb:value>256377243.8</wb:value>
    <wb:unit />
    <wb:obs_status />
    <wb:decimal>0</wb:decimal>
  </wb:data>
</wb:data>