<?xml version="1.0" encoding="utf-8"?>
<wb:data page="1" pages="2" per_page="50" total="63" sourceid="2" lastupdated="2023-07-25" xmlns:wb="http://www.worldbank.org">
  <wb:data>
    <wb:indicator id="GF.XPD.BUDG.ZS">Primary government expenditures as a proportion of original approved budget (%)</wb:indicator>
    <wb:country id="ET">Ethiopia</wb:country>
    <wb:countryiso3code>ETH</wb:countryiso3code>
    <wb:date>2022</wb:date>
    <wb:value />
    <wb:unit />
    <wb:obs_status />
    <wb:decimal>2</wb:decimal>
  </wb:data>
  <wb:data>
    <wb:indicator id="GF.XPD.BUDG.ZS">Primary government expenditures as a proportion of original approved budget (%)</wb:indicator>
    <wb:country id="ET">Ethiopia</wb:country>
    <wb:countryiso3code>ETH</wb:countryiso3code>
    <wb:date>2021</wb:date>
    <wb:value>95.68905</wb:value>
    <wb:unit />
    <wb:obs_status />
    <wb:decimal>2</wb:decimal>
  </wb:data>
  <wb:data>
    <wb:indicator id="GF.XPD.BUDG.ZS">Primary government expenditures as a proportion of original approved budget (%)</wb:indicator>
    <wb:country id="ET">Ethiopia</wb:country>
    <wb:countryiso3code>ETH</wb:countryiso3code>
    <wb:date>2020</wb:date>
    <wb:value>99.57529</wb:value>
    <wb:unit />
    <wb:obs_status />
    <wb:decimal>2</wb:decimal>
  </wb:data>
  <wb:data>
    <wb:indicator id="GF.XPD.BUDG.ZS">Primary government expenditures as a proportion of original approved budget (%)</wb:indicator>
    <wb:country id="ET">Ethiopia</wb:country>
    <wb:countryiso3code>ETH</wb:countryiso3code>
    <wb:date>2019</wb:date>
    <wb:value>87.67176</wb:value>
    <wb:unit />
    <wb:obs_status />
    <wb:decimal>2</wb:decimal>
  </wb:data>
  <wb:data>
    <wb:indicator id="GF.XPD.BUDG.ZS">Primary government expenditures as a proportion of original approved budget (%)</wb:indicator>
    <wb:country id="ET">Ethiopia</wb:country>
    <wb:countryiso3code>ETH</wb:countryiso3code>
    <wb:date>2018</wb:date>
    <wb:value>98.9306</wb:value>
    <wb:unit />
    <wb:obs_status />
    <wb:decimal>2</wb:decimal>
  </wb:data>
  <wb:data>
    <wb:indicator id="GF.XPD.BUDG.ZS">Primary government expenditures as a proportion of original approved budget (%)</wb:indicator>
    <wb:country id="ET">Ethiopia</wb:country>
    <wb:countryiso3code>ETH</wb:countryiso3code>
    <wb:date>2017</wb:date>
    <wb:value>101.0261</wb:value>
    <wb:unit />
    <wb:obs_status />
    <wb:decimal>2</wb:decimal>
  </wb:data>
  <wb:data>
    <wb:indicator id="GF.XPD.BUDG.ZS">Primary government expenditures as a proportion of original approved budget (%)</wb:indicator>
    <wb:country id="ET">Ethiopia</wb:country>
    <wb:countryiso3code>ETH</wb:countryiso3code>
    <wb:date>2016</wb:date>
    <wb:value>105.658</wb:value>
    <wb:unit />
    <wb:obs_status />
    <wb:decimal>2</wb:decimal>
  </wb:data>
  <wb:data>
    <wb:indicator id="GF.XPD.BUDG.ZS">Primary government expenditures as a proportion of original approved budget (%)</wb:indicator>
    <wb:country id="ET">Ethiopia</wb:country>
    <wb:countryiso3code>ETH</wb:countryiso3code>
    <wb:date>2015</wb:date>
    <wb:value>105.4633</wb:value>
    <wb:unit />
    <wb:obs_status />
    <wb:decimal>2</wb:decimal>
  </wb:data>
  <wb:data>
    <wb:indicator id="GF.XPD.BUDG.ZS">Primary government expenditures as a proportion of original approved budget (%)</wb:indicator>
    <wb:country id="ET">Ethiopia</wb:country>
    <wb:countryiso3code>ETH</wb:countryiso3code>
    <wb:date>2014</wb:date>
    <wb:value>101.4979</wb:value>
    <wb:unit />
    <wb:obs_status />
    <wb:decimal>2</wb:decimal>
  </wb:data>
  <wb:data>
    <wb:indicator id="GF.XPD.BUDG.ZS">Primary government expenditures as a proportion of original approved budget (%)</wb:indicator>
    <wb:country id="ET">Ethiopia</wb:country>
    <wb:countryiso3code>ETH</wb:countryiso3code>
    <wb:date>2013</wb:date>
    <wb:value>98.8874</wb:value>
    <wb:unit />
    <wb:obs_status />
    <wb:decimal>2</wb:decimal>
  </wb:data>
  <wb:data>
    <wb:indicator id="GF.XPD.BUDG.ZS">Primary government expenditures as a proportion of original approved budget (%)</wb:indicator>
    <wb:country id="ET">Ethiopia</wb:country>
    <wb:countryiso3code>ETH</wb:countryiso3code>
    <wb:date>2012</wb:date>
    <wb:value>103.0607</wb:value>
    <wb:unit />
    <wb:obs_status />
    <wb:decimal>2</wb:decimal>
  </wb:data>
  <wb:data>
    <wb:indicator id="GF.XPD.BUDG.ZS">Primary government expenditures as a proportion of original approved budget (%)</wb:indicator>
    <wb:country id="ET">Ethiopia</wb:country>
    <wb:countryiso3code>ETH</wb:countryiso3code>
    <wb:date>2011</wb:date>
    <wb:value>108.2006</wb:value>
    <wb:unit />
    <wb:obs_status />
    <wb:decimal>2</wb:decimal>
  </wb:data>
  <wb:data>
    <wb:indicator id="GF.XPD.BUDG.ZS">Primary government expenditures as a proportion of original approved budget (%)</wb:indicator>
    <wb:country id="ET">Ethiopia</wb:country>
    <wb:countryiso3code>ETH</wb:countryiso3code>
    <wb:date>2010</wb:date>
    <wb:value>110.6726</wb:value>
    <wb:unit />
    <wb:obs_status />
    <wb:decimal>2</wb:decimal>
  </wb:data>
  <wb:data>
    <wb:indicator id="GF.XPD.BUDG.ZS">Primary government expenditures as a proportion of original approved budget (%)</wb:indicator>
    <wb:country id="ET">Ethiopia</wb:country>
    <wb:countryiso3code>ETH</wb:countryiso3code>
    <wb:date>2009</wb:date>
    <wb:value>94.817</wb:value>
    <wb:unit />
    <wb:obs_status />
    <wb:decimal>2</wb:decimal>
  </wb:data>
  <wb:data>
    <wb:indicator id="GF.XPD.BUDG.ZS">Primary government expenditures as a proportion of original approved budget (%)</wb:indicator>
    <wb:country id="ET">Ethiopia</wb:country>
    <wb:countryiso3code>ETH</wb:countryiso3code>
    <wb:date>2008</wb:date>
    <wb:value>95.9461</wb:value>
    <wb:unit />
    <wb:obs_status />
    <wb:decimal>2</wb:decimal>
  </wb:data>
  <wb:data>
    <wb:indicator id="GF.XPD.BUDG.ZS">Primary government expenditures as a proportion of original approved budget (%)</wb:indicator>
    <wb:country id="ET">Ethiopia</wb:country>
    <wb:countryiso3code>ETH</wb:countryiso3code>
    <wb:date>2007</wb:date>
    <wb:value>91.595</wb:value>
    <wb:unit />
    <wb:obs_status />
    <wb:decimal>2</wb:decimal>
  </wb:data>
  <wb:data>
    <wb:indicator id="GF.XPD.BUDG.ZS">Primary government expenditures as a proportion of original approved budget (%)</wb:indicator>
    <wb:country id="ET">Ethiopia</wb:country>
    <wb:countryiso3code>ETH</wb:countryiso3code>
    <wb:date>2006</wb:date>
    <wb:value />
    <wb:unit />
    <wb:obs_status />
    <wb:decimal>2</wb:decimal>
  </wb:data>
  <wb:data>
    <wb:indicator id="GF.XPD.BUDG.ZS">Primary government expenditures as a proportion of original approved budget (%)</wb:indicator>
    <wb:country id="ET">Ethiopia</wb:country>
    <wb:countryiso3code>ETH</wb:countryiso3code>
    <wb:date>2005</wb:date>
    <wb:value />
    <wb:unit />
    <wb:obs_status />
    <wb:decimal>2</wb:decimal>
  </wb:data>
  <wb:data>
    <wb:indicator id="GF.XPD.BUDG.ZS">Primary government expenditures as a proportion of original approved budget (%)</wb:indicator>
    <wb:country id="ET">Ethiopia</wb:country>
    <wb:countryiso3code>ETH</wb:countryiso3code>
    <wb:date>2004</wb:date>
    <wb:value />
    <wb:unit />
    <wb:obs_status />
    <wb:decimal>2</wb:decimal>
  </wb:data>
  <wb:data>
    <wb:indicator id="GF.XPD.BUDG.ZS">Primary government expenditures as a proportion of original approved budget (%)</wb:indicator>
    <wb:country id="ET">Ethiopia</wb:country>
    <wb:countryiso3code>ETH</wb:countryiso3code>
    <wb:date>2003</wb:date>
    <wb:value />
    <wb:unit />
    <wb:obs_status />
    <wb:decimal>2</wb:decimal>
  </wb:data>
  <wb:data>
    <wb:indicator id="GF.XPD.BUDG.ZS">Primary government expenditures as a proportion of original approved budget (%)</wb:indicator>
    <wb:country id="ET">Ethiopia</wb:country>
    <wb:countryiso3code>ETH</wb:countryiso3code>
    <wb:date>2002</wb:date>
    <wb:value />
    <wb:unit />
    <wb:obs_status />
    <wb:decimal>2</wb:decimal>
  </wb:data>
  <wb:data>
    <wb:indicator id="GF.XPD.BUDG.ZS">Primary government expenditures as a proportion of original approved budget (%)</wb:indicator>
    <wb:country id="ET">Ethiopia</wb:country>
    <wb:countryiso3code>ETH</wb:countryiso3code>
    <wb:date>2001</wb:date>
    <wb:value />
    <wb:unit />
    <wb:obs_status />
    <wb:decimal>2</wb:decimal>
  </wb:data>
  <wb:data>
    <wb:indicator id="GF.XPD.BUDG.ZS">Primary government expenditures as a proportion of original approved budget (%)</wb:indicator>
    <wb:country id="ET">Ethiopia</wb:country>
    <wb:countryiso3code>ETH</wb:countryiso3code>
    <wb:date>2000</wb:date>
    <wb:value />
    <wb:unit />
    <wb:obs_status />
    <wb:decimal>2</wb:decimal>
  </wb:data>
  <wb:data>
    <wb:indicator id="GF.XPD.BUDG.ZS">Primary government expenditures as a proportion of original approved budget (%)</wb:indicator>
    <wb:country id="ET">Ethiopia</wb:country>
    <wb:countryiso3code>ETH</wb:countryiso3code>
    <wb:date>1999</wb:date>
    <wb:value />
    <wb:unit />
    <wb:obs_status />
    <wb:decimal>2</wb:decimal>
  </wb:data>
  <wb:data>
    <wb:indicator id="GF.XPD.BUDG.ZS">Primary government expenditures as a proportion of original approved budget (%)</wb:indicator>
    <wb:country id="ET">Ethiopia</wb:country>
    <wb:countryiso3code>ETH</wb:countryiso3code>
    <wb:date>1998</wb:date>
    <wb:value />
    <wb:unit />
    <wb:obs_status />
    <wb:decimal>2</wb:decimal>
  </wb:data>
  <wb:data>
    <wb:indicator id="GF.XPD.BUDG.ZS">Primary government expenditures as a proportion of original approved budget (%)</wb:indicator>
    <wb:country id="ET">Ethiopia</wb:country>
    <wb:countryiso3code>ETH</wb:countryiso3code>
    <wb:date>1997</wb:date>
    <wb:value />
    <wb:unit />
    <wb:obs_status />
    <wb:decimal>2</wb:decimal>
  </wb:data>
  <wb:data>
    <wb:indicator id="GF.XPD.BUDG.ZS">Primary government expenditures as a proportion of original approved budget (%)</wb:indicator>
    <wb:country id="ET">Ethiopia</wb:country>
    <wb:countryiso3code>ETH</wb:countryiso3code>
    <wb:date>1996</wb:date>
    <wb:value />
    <wb:unit />
    <wb:obs_status />
    <wb:decimal>2</wb:decimal>
  </wb:data>
  <wb:data>
    <wb:indicator id="GF.XPD.BUDG.ZS">Primary government expenditures as a proportion of original approved budget (%)</wb:indicator>
    <wb:country id="ET">Ethiopia</wb:country>
    <wb:countryiso3code>ETH</wb:countryiso3code>
    <wb:date>1995</wb:date>
    <wb:value />
    <wb:unit />
    <wb:obs_status />
    <wb:decimal>2</wb:decimal>
  </wb:data>
  <wb:data>
    <wb:indicator id="GF.XPD.BUDG.ZS">Primary government expenditures as a proportion of original approved budget (%)</wb:indicator>
    <wb:country id="ET">Ethiopia</wb:country>
    <wb:countryiso3code>ETH</wb:countryiso3code>
    <wb:date>1994</wb:date>
    <wb:value />
    <wb:unit />
    <wb:obs_status />
    <wb:decimal>2</wb:decimal>
  </wb:data>
  <wb:data>
    <wb:indicator id="GF.XPD.BUDG.ZS">Primary government expenditures as a proportion of original approved budget (%)</wb:indicator>
    <wb:country id="ET">Ethiopia</wb:country>
    <wb:countryiso3code>ETH</wb:countryiso3code>
    <wb:date>1993</wb:date>
    <wb:value />
    <wb:unit />
    <wb:obs_status />
    <wb:decimal>2</wb:decimal>
  </wb:data>
  <wb:data>
    <wb:indicator id="GF.XPD.BUDG.ZS">Primary government expenditures as a proportion of original approved budget (%)</wb:indicator>
    <wb:country id="ET">Ethiopia</wb:country>
    <wb:countryiso3code>ETH</wb:countryiso3code>
    <wb:date>1992</wb:date>
    <wb:value />
    <wb:unit />
    <wb:obs_status />
    <wb:decimal>2</wb:decimal>
  </wb:data>
  <wb:data>
    <wb:indicator id="GF.XPD.BUDG.ZS">Primary government expenditures as a proportion of original approved budget (%)</wb:indicator>
    <wb:country id="ET">Ethiopia</wb:country>
    <wb:countryiso3code>ETH</wb:countryiso3code>
    <wb:date>1991</wb:date>
    <wb:value />
    <wb:unit />
    <wb:obs_status />
    <wb:decimal>2</wb:decimal>
  </wb:data>
  <wb:data>
    <wb:indicator id="GF.XPD.BUDG.ZS">Primary government expenditures as a proportion of original approved budget (%)</wb:indicator>
    <wb:country id="ET">Ethiopia</wb:country>
    <wb:countryiso3code>ETH</wb:countryiso3code>
    <wb:date>1990</wb:date>
    <wb:value />
    <wb:unit />
    <wb:obs_status />
    <wb:decimal>2</wb:decimal>
  </wb:data>
  <wb:data>
    <wb:indicator id="GF.XPD.BUDG.ZS">Primary government expenditures as a proportion of original approved budget (%)</wb:indicator>
    <wb:country id="ET">Ethiopia</wb:country>
    <wb:countryiso3code>ETH</wb:countryiso3code>
    <wb:date>1989</wb:date>
    <wb:value />
    <wb:unit />
    <wb:obs_status />
    <wb:decimal>2</wb:decimal>
  </wb:data>
  <wb:data>
    <wb:indicator id="GF.XPD.BUDG.ZS">Primary government expenditures as a proportion of original approved budget (%)</wb:indicator>
    <wb:country id="ET">Ethiopia</wb:country>
    <wb:countryiso3code>ETH</wb:countryiso3code>
    <wb:date>1988</wb:date>
    <wb:value />
    <wb:unit />
    <wb:obs_status />
    <wb:decimal>2</wb:decimal>
  </wb:data>
  <wb:data>
    <wb:indicator id="GF.XPD.BUDG.ZS">Primary government expenditures as a proportion of original approved budget (%)</wb:indicator>
    <wb:country id="ET">Ethiopia</wb:country>
    <wb:countryiso3code>ETH</wb:countryiso3code>
    <wb:date>1987</wb:date>
    <wb:value />
    <wb:unit />
    <wb:obs_status />
    <wb:decimal>2</wb:decimal>
  </wb:data>
  <wb:data>
    <wb:indicator id="GF.XPD.BUDG.ZS">Primary government expenditures as a proportion of original approved budget (%)</wb:indicator>
    <wb:country id="ET">Ethiopia</wb:country>
    <wb:countryiso3code>ETH</wb:countryiso3code>
    <wb:date>1986</wb:date>
    <wb:value />
    <wb:unit />
    <wb:obs_status />
    <wb:decimal>2</wb:decimal>
  </wb:data>
  <wb:data>
    <wb:indicator id="GF.XPD.BUDG.ZS">Primary government expenditures as a proportion of original approved budget (%)</wb:indicator>
    <wb:country id="ET">Ethiopia</wb:country>
    <wb:countryiso3code>ETH</wb:countryiso3code>
    <wb:date>1985</wb:date>
    <wb:value />
    <wb:unit />
    <wb:obs_status />
    <wb:decimal>2</wb:decimal>
  </wb:data>
  <wb:data>
    <wb:indicator id="GF.XPD.BUDG.ZS">Primary government expenditures as a proportion of original approved budget (%)</wb:indicator>
    <wb:country id="ET">Ethiopia</wb:country>
    <wb:countryiso3code>ETH</wb:countryiso3code>
    <wb:date>1984</wb:date>
    <wb:value />
    <wb:unit />
    <wb:obs_status />
    <wb:decimal>2</wb:decimal>
  </wb:data>
  <wb:data>
    <wb:indicator id="GF.XPD.BUDG.ZS">Primary government expenditures as a proportion of original approved budget (%)</wb:indicator>
    <wb:country id="ET">Ethiopia</wb:country>
    <wb:countryiso3code>ETH</wb:countryiso3code>
    <wb:date>1983</wb:date>
    <wb:value />
    <wb:unit />
    <wb:obs_status />
    <wb:decimal>2</wb:decimal>
  </wb:data>
  <wb:data>
    <wb:indicator id="GF.XPD.BUDG.ZS">Primary government expenditures as a proportion of original approved budget (%)</wb:indicator>
    <wb:country id="ET">Ethiopia</wb:country>
    <wb:countryiso3code>ETH</wb:countryiso3code>
    <wb:date>1982</wb:date>
    <wb:value />
    <wb:unit />
    <wb:obs_status />
    <wb:decimal>2</wb:decimal>
  </wb:data>
  <wb:data>
    <wb:indicator id="GF.XPD.BUDG.ZS">Primary government expenditures as a proportion of original approved budget (%)</wb:indicator>
    <wb:country id="ET">Ethiopia</wb:country>
    <wb:countryiso3code>ETH</wb:countryiso3code>
    <wb:date>1981</wb:date>
    <wb:value />
    <wb:unit />
    <wb:obs_status />
    <wb:decimal>2</wb:decimal>
  </wb:data>
  <wb:data>
    <wb:indicator id="GF.XPD.BUDG.ZS">Primary government expenditures as a proportion of original approved budget (%)</wb:indicator>
    <wb:country id="ET">Ethiopia</wb:country>
    <wb:countryiso3code>ETH</wb:countryiso3code>
    <wb:date>1980</wb:date>
    <wb:value />
    <wb:unit />
    <wb:obs_status />
    <wb:decimal>2</wb:decimal>
  </wb:data>
  <wb:data>
    <wb:indicator id="GF.XPD.BUDG.ZS">Primary government expenditures as a proportion of original approved budget (%)</wb:indicator>
    <wb:country id="ET">Ethiopia</wb:country>
    <wb:countryiso3code>ETH</wb:countryiso3code>
    <wb:date>1979</wb:date>
    <wb:value />
    <wb:unit />
    <wb:obs_status />
    <wb:decimal>2</wb:decimal>
  </wb:data>
  <wb:data>
    <wb:indicator id="GF.XPD.BUDG.ZS">Primary government expenditures as a proportion of original approved budget (%)</wb:indicator>
    <wb:country id="ET">Ethiopia</wb:country>
    <wb:countryiso3code>ETH</wb:countryiso3code>
    <wb:date>1978</wb:date>
    <wb:value />
    <wb:unit />
    <wb:obs_status />
    <wb:decimal>2</wb:decimal>
  </wb:data>
  <wb:data>
    <wb:indicator id="GF.XPD.BUDG.ZS">Primary government expenditures as a proportion of original approved budget (%)</wb:indicator>
    <wb:country id="ET">Ethiopia</wb:country>
    <wb:countryiso3code>ETH</wb:countryiso3code>
    <wb:date>1977</wb:date>
    <wb:value />
    <wb:unit />
    <wb:obs_status />
    <wb:decimal>2</wb:decimal>
  </wb:data>
  <wb:data>
    <wb:indicator id="GF.XPD.BUDG.ZS">Primary government expenditures as a proportion of original approved budget (%)</wb:indicator>
    <wb:country id="ET">Ethiopia</wb:country>
    <wb:countryiso3code>ETH</wb:countryiso3code>
    <wb:date>1976</wb:date>
    <wb:value />
    <wb:unit />
    <wb:obs_status />
    <wb:decimal>2</wb:decimal>
  </wb:data>
  <wb:data>
    <wb:indicator id="GF.XPD.BUDG.ZS">Primary government expenditures as a proportion of original approved budget (%)</wb:indicator>
    <wb:country id="ET">Ethiopia</wb:country>
    <wb:countryiso3code>ETH</wb:countryiso3code>
    <wb:date>1975</wb:date>
    <wb:value />
    <wb:unit />
    <wb:obs_status />
    <wb:decimal>2</wb:decimal>
  </wb:data>
  <wb:data>
    <wb:indicator id="GF.XPD.BUDG.ZS">Primary government expenditures as a proportion of original approved budget (%)</wb:indicator>
    <wb:country id="ET">Ethiopia</wb:country>
    <wb:countryiso3code>ETH</wb:countryiso3code>
    <wb:date>1974</wb:date>
    <wb:value />
    <wb:unit />
    <wb:obs_status />
    <wb:decimal>2</wb:decimal>
  </wb:data>
  <wb:data>
    <wb:indicator id="GF.XPD.BUDG.ZS">Primary government expenditures as a proportion of original approved budget (%)</wb:indicator>
    <wb:country id="ET">Ethiopia</wb:country>
    <wb:countryiso3code>ETH</wb:countryiso3code>
    <wb:date>1973</wb:date>
    <wb:value />
    <wb:unit />
    <wb:obs_status />
    <wb:decimal>2</wb:decimal>
  </wb:data>
</wb:data>