<?xml version="1.0" encoding="utf-8"?>
<wb:data page="1" pages="2" per_page="50" total="63" sourceid="2" lastupdated="2023-07-25" xmlns:wb="http://www.worldbank.org">
  <wb:data>
    <wb:indicator id="NV.IND.TOTL.ZS">Industry (including construction), value added (% of GDP)</wb:indicator>
    <wb:country id="ET">Ethiopia</wb:country>
    <wb:countryiso3code>ETH</wb:countryiso3code>
    <wb:date>2022</wb:date>
    <wb:value>22.7220072535484</wb:value>
    <wb:unit />
    <wb:obs_status />
    <wb:decimal>1</wb:decimal>
  </wb:data>
  <wb:data>
    <wb:indicator id="NV.IND.TOTL.ZS">Industry (including construction), value added (% of GDP)</wb:indicator>
    <wb:country id="ET">Ethiopia</wb:country>
    <wb:countryiso3code>ETH</wb:countryiso3code>
    <wb:date>2021</wb:date>
    <wb:value>21.8500273668148</wb:value>
    <wb:unit />
    <wb:obs_status />
    <wb:decimal>1</wb:decimal>
  </wb:data>
  <wb:data>
    <wb:indicator id="NV.IND.TOTL.ZS">Industry (including construction), value added (% of GDP)</wb:indicator>
    <wb:country id="ET">Ethiopia</wb:country>
    <wb:countryiso3code>ETH</wb:countryiso3code>
    <wb:date>2020</wb:date>
    <wb:value>23.1022948090627</wb:value>
    <wb:unit />
    <wb:obs_status />
    <wb:decimal>1</wb:decimal>
  </wb:data>
  <wb:data>
    <wb:indicator id="NV.IND.TOTL.ZS">Industry (including construction), value added (% of GDP)</wb:indicator>
    <wb:country id="ET">Ethiopia</wb:country>
    <wb:countryiso3code>ETH</wb:countryiso3code>
    <wb:date>2019</wb:date>
    <wb:value>24.8223675100372</wb:value>
    <wb:unit />
    <wb:obs_status />
    <wb:decimal>1</wb:decimal>
  </wb:data>
  <wb:data>
    <wb:indicator id="NV.IND.TOTL.ZS">Industry (including construction), value added (% of GDP)</wb:indicator>
    <wb:country id="ET">Ethiopia</wb:country>
    <wb:countryiso3code>ETH</wb:countryiso3code>
    <wb:date>2018</wb:date>
    <wb:value>27.3057021409277</wb:value>
    <wb:unit />
    <wb:obs_status />
    <wb:decimal>1</wb:decimal>
  </wb:data>
  <wb:data>
    <wb:indicator id="NV.IND.TOTL.ZS">Industry (including construction), value added (% of GDP)</wb:indicator>
    <wb:country id="ET">Ethiopia</wb:country>
    <wb:countryiso3code>ETH</wb:countryiso3code>
    <wb:date>2017</wb:date>
    <wb:value>23.5819061799905</wb:value>
    <wb:unit />
    <wb:obs_status />
    <wb:decimal>1</wb:decimal>
  </wb:data>
  <wb:data>
    <wb:indicator id="NV.IND.TOTL.ZS">Industry (including construction), value added (% of GDP)</wb:indicator>
    <wb:country id="ET">Ethiopia</wb:country>
    <wb:countryiso3code>ETH</wb:countryiso3code>
    <wb:date>2016</wb:date>
    <wb:value>21.9325682020946</wb:value>
    <wb:unit />
    <wb:obs_status />
    <wb:decimal>1</wb:decimal>
  </wb:data>
  <wb:data>
    <wb:indicator id="NV.IND.TOTL.ZS">Industry (including construction), value added (% of GDP)</wb:indicator>
    <wb:country id="ET">Ethiopia</wb:country>
    <wb:countryiso3code>ETH</wb:countryiso3code>
    <wb:date>2015</wb:date>
    <wb:value>16.2977936386153</wb:value>
    <wb:unit />
    <wb:obs_status />
    <wb:decimal>1</wb:decimal>
  </wb:data>
  <wb:data>
    <wb:indicator id="NV.IND.TOTL.ZS">Industry (including construction), value added (% of GDP)</wb:indicator>
    <wb:country id="ET">Ethiopia</wb:country>
    <wb:countryiso3code>ETH</wb:countryiso3code>
    <wb:date>2014</wb:date>
    <wb:value>13.4713245062584</wb:value>
    <wb:unit />
    <wb:obs_status />
    <wb:decimal>1</wb:decimal>
  </wb:data>
  <wb:data>
    <wb:indicator id="NV.IND.TOTL.ZS">Industry (including construction), value added (% of GDP)</wb:indicator>
    <wb:country id="ET">Ethiopia</wb:country>
    <wb:countryiso3code>ETH</wb:countryiso3code>
    <wb:date>2013</wb:date>
    <wb:value>10.9445569914695</wb:value>
    <wb:unit />
    <wb:obs_status />
    <wb:decimal>1</wb:decimal>
  </wb:data>
  <wb:data>
    <wb:indicator id="NV.IND.TOTL.ZS">Industry (including construction), value added (% of GDP)</wb:indicator>
    <wb:country id="ET">Ethiopia</wb:country>
    <wb:countryiso3code>ETH</wb:countryiso3code>
    <wb:date>2012</wb:date>
    <wb:value>9.47613796506918</wb:value>
    <wb:unit />
    <wb:obs_status />
    <wb:decimal>1</wb:decimal>
  </wb:data>
  <wb:data>
    <wb:indicator id="NV.IND.TOTL.ZS">Industry (including construction), value added (% of GDP)</wb:indicator>
    <wb:country id="ET">Ethiopia</wb:country>
    <wb:countryiso3code>ETH</wb:countryiso3code>
    <wb:date>2011</wb:date>
    <wb:value>9.6646421928884</wb:value>
    <wb:unit />
    <wb:obs_status />
    <wb:decimal>1</wb:decimal>
  </wb:data>
  <wb:data>
    <wb:indicator id="NV.IND.TOTL.ZS">Industry (including construction), value added (% of GDP)</wb:indicator>
    <wb:country id="ET">Ethiopia</wb:country>
    <wb:countryiso3code>ETH</wb:countryiso3code>
    <wb:date>2010</wb:date>
    <wb:value>9.43512813822331</wb:value>
    <wb:unit />
    <wb:obs_status />
    <wb:decimal>1</wb:decimal>
  </wb:data>
  <wb:data>
    <wb:indicator id="NV.IND.TOTL.ZS">Industry (including construction), value added (% of GDP)</wb:indicator>
    <wb:country id="ET">Ethiopia</wb:country>
    <wb:countryiso3code>ETH</wb:countryiso3code>
    <wb:date>2009</wb:date>
    <wb:value>9.68348044252178</wb:value>
    <wb:unit />
    <wb:obs_status />
    <wb:decimal>1</wb:decimal>
  </wb:data>
  <wb:data>
    <wb:indicator id="NV.IND.TOTL.ZS">Industry (including construction), value added (% of GDP)</wb:indicator>
    <wb:country id="ET">Ethiopia</wb:country>
    <wb:countryiso3code>ETH</wb:countryiso3code>
    <wb:date>2008</wb:date>
    <wb:value>10.2068542889297</wb:value>
    <wb:unit />
    <wb:obs_status />
    <wb:decimal>1</wb:decimal>
  </wb:data>
  <wb:data>
    <wb:indicator id="NV.IND.TOTL.ZS">Industry (including construction), value added (% of GDP)</wb:indicator>
    <wb:country id="ET">Ethiopia</wb:country>
    <wb:countryiso3code>ETH</wb:countryiso3code>
    <wb:date>2007</wb:date>
    <wb:value>11.5894966658928</wb:value>
    <wb:unit />
    <wb:obs_status />
    <wb:decimal>1</wb:decimal>
  </wb:data>
  <wb:data>
    <wb:indicator id="NV.IND.TOTL.ZS">Industry (including construction), value added (% of GDP)</wb:indicator>
    <wb:country id="ET">Ethiopia</wb:country>
    <wb:countryiso3code>ETH</wb:countryiso3code>
    <wb:date>2006</wb:date>
    <wb:value>11.5923160493911</wb:value>
    <wb:unit />
    <wb:obs_status />
    <wb:decimal>1</wb:decimal>
  </wb:data>
  <wb:data>
    <wb:indicator id="NV.IND.TOTL.ZS">Industry (including construction), value added (% of GDP)</wb:indicator>
    <wb:country id="ET">Ethiopia</wb:country>
    <wb:countryiso3code>ETH</wb:countryiso3code>
    <wb:date>2005</wb:date>
    <wb:value>11.7888335264129</wb:value>
    <wb:unit />
    <wb:obs_status />
    <wb:decimal>1</wb:decimal>
  </wb:data>
  <wb:data>
    <wb:indicator id="NV.IND.TOTL.ZS">Industry (including construction), value added (% of GDP)</wb:indicator>
    <wb:country id="ET">Ethiopia</wb:country>
    <wb:countryiso3code>ETH</wb:countryiso3code>
    <wb:date>2004</wb:date>
    <wb:value>12.6855403366012</wb:value>
    <wb:unit />
    <wb:obs_status />
    <wb:decimal>1</wb:decimal>
  </wb:data>
  <wb:data>
    <wb:indicator id="NV.IND.TOTL.ZS">Industry (including construction), value added (% of GDP)</wb:indicator>
    <wb:country id="ET">Ethiopia</wb:country>
    <wb:countryiso3code>ETH</wb:countryiso3code>
    <wb:date>2003</wb:date>
    <wb:value>12.8995022232624</wb:value>
    <wb:unit />
    <wb:obs_status />
    <wb:decimal>1</wb:decimal>
  </wb:data>
  <wb:data>
    <wb:indicator id="NV.IND.TOTL.ZS">Industry (including construction), value added (% of GDP)</wb:indicator>
    <wb:country id="ET">Ethiopia</wb:country>
    <wb:countryiso3code>ETH</wb:countryiso3code>
    <wb:date>2002</wb:date>
    <wb:value>12.7402796419574</wb:value>
    <wb:unit />
    <wb:obs_status />
    <wb:decimal>1</wb:decimal>
  </wb:data>
  <wb:data>
    <wb:indicator id="NV.IND.TOTL.ZS">Industry (including construction), value added (% of GDP)</wb:indicator>
    <wb:country id="ET">Ethiopia</wb:country>
    <wb:countryiso3code>ETH</wb:countryiso3code>
    <wb:date>2001</wb:date>
    <wb:value>11.9279294612334</wb:value>
    <wb:unit />
    <wb:obs_status />
    <wb:decimal>1</wb:decimal>
  </wb:data>
  <wb:data>
    <wb:indicator id="NV.IND.TOTL.ZS">Industry (including construction), value added (% of GDP)</wb:indicator>
    <wb:country id="ET">Ethiopia</wb:country>
    <wb:countryiso3code>ETH</wb:countryiso3code>
    <wb:date>2000</wb:date>
    <wb:value>11.4104671171237</wb:value>
    <wb:unit />
    <wb:obs_status />
    <wb:decimal>1</wb:decimal>
  </wb:data>
  <wb:data>
    <wb:indicator id="NV.IND.TOTL.ZS">Industry (including construction), value added (% of GDP)</wb:indicator>
    <wb:country id="ET">Ethiopia</wb:country>
    <wb:countryiso3code>ETH</wb:countryiso3code>
    <wb:date>1999</wb:date>
    <wb:value>12.1947913304061</wb:value>
    <wb:unit />
    <wb:obs_status />
    <wb:decimal>1</wb:decimal>
  </wb:data>
  <wb:data>
    <wb:indicator id="NV.IND.TOTL.ZS">Industry (including construction), value added (% of GDP)</wb:indicator>
    <wb:country id="ET">Ethiopia</wb:country>
    <wb:countryiso3code>ETH</wb:countryiso3code>
    <wb:date>1998</wb:date>
    <wb:value>11.5703797904463</wb:value>
    <wb:unit />
    <wb:obs_status />
    <wb:decimal>1</wb:decimal>
  </wb:data>
  <wb:data>
    <wb:indicator id="NV.IND.TOTL.ZS">Industry (including construction), value added (% of GDP)</wb:indicator>
    <wb:country id="ET">Ethiopia</wb:country>
    <wb:countryiso3code>ETH</wb:countryiso3code>
    <wb:date>1997</wb:date>
    <wb:value>12.202172815227</wb:value>
    <wb:unit />
    <wb:obs_status />
    <wb:decimal>1</wb:decimal>
  </wb:data>
  <wb:data>
    <wb:indicator id="NV.IND.TOTL.ZS">Industry (including construction), value added (% of GDP)</wb:indicator>
    <wb:country id="ET">Ethiopia</wb:country>
    <wb:countryiso3code>ETH</wb:countryiso3code>
    <wb:date>1996</wb:date>
    <wb:value>9.78369113501422</wb:value>
    <wb:unit />
    <wb:obs_status />
    <wb:decimal>1</wb:decimal>
  </wb:data>
  <wb:data>
    <wb:indicator id="NV.IND.TOTL.ZS">Industry (including construction), value added (% of GDP)</wb:indicator>
    <wb:country id="ET">Ethiopia</wb:country>
    <wb:countryiso3code>ETH</wb:countryiso3code>
    <wb:date>1995</wb:date>
    <wb:value>9.28620216842524</wb:value>
    <wb:unit />
    <wb:obs_status />
    <wb:decimal>1</wb:decimal>
  </wb:data>
  <wb:data>
    <wb:indicator id="NV.IND.TOTL.ZS">Industry (including construction), value added (% of GDP)</wb:indicator>
    <wb:country id="ET">Ethiopia</wb:country>
    <wb:countryiso3code>ETH</wb:countryiso3code>
    <wb:date>1994</wb:date>
    <wb:value>8.18345758473309</wb:value>
    <wb:unit />
    <wb:obs_status />
    <wb:decimal>1</wb:decimal>
  </wb:data>
  <wb:data>
    <wb:indicator id="NV.IND.TOTL.ZS">Industry (including construction), value added (% of GDP)</wb:indicator>
    <wb:country id="ET">Ethiopia</wb:country>
    <wb:countryiso3code>ETH</wb:countryiso3code>
    <wb:date>1993</wb:date>
    <wb:value>7.45466652879897</wb:value>
    <wb:unit />
    <wb:obs_status />
    <wb:decimal>1</wb:decimal>
  </wb:data>
  <wb:data>
    <wb:indicator id="NV.IND.TOTL.ZS">Industry (including construction), value added (% of GDP)</wb:indicator>
    <wb:country id="ET">Ethiopia</wb:country>
    <wb:countryiso3code>ETH</wb:countryiso3code>
    <wb:date>1992</wb:date>
    <wb:value>6.09401563487092</wb:value>
    <wb:unit />
    <wb:obs_status />
    <wb:decimal>1</wb:decimal>
  </wb:data>
  <wb:data>
    <wb:indicator id="NV.IND.TOTL.ZS">Industry (including construction), value added (% of GDP)</wb:indicator>
    <wb:country id="ET">Ethiopia</wb:country>
    <wb:countryiso3code>ETH</wb:countryiso3code>
    <wb:date>1991</wb:date>
    <wb:value>7.27710548979587</wb:value>
    <wb:unit />
    <wb:obs_status />
    <wb:decimal>1</wb:decimal>
  </wb:data>
  <wb:data>
    <wb:indicator id="NV.IND.TOTL.ZS">Industry (including construction), value added (% of GDP)</wb:indicator>
    <wb:country id="ET">Ethiopia</wb:country>
    <wb:countryiso3code>ETH</wb:countryiso3code>
    <wb:date>1990</wb:date>
    <wb:value>9.30386684939494</wb:value>
    <wb:unit />
    <wb:obs_status />
    <wb:decimal>1</wb:decimal>
  </wb:data>
  <wb:data>
    <wb:indicator id="NV.IND.TOTL.ZS">Industry (including construction), value added (% of GDP)</wb:indicator>
    <wb:country id="ET">Ethiopia</wb:country>
    <wb:countryiso3code>ETH</wb:countryiso3code>
    <wb:date>1989</wb:date>
    <wb:value>10.3178550393303</wb:value>
    <wb:unit />
    <wb:obs_status />
    <wb:decimal>1</wb:decimal>
  </wb:data>
  <wb:data>
    <wb:indicator id="NV.IND.TOTL.ZS">Industry (including construction), value added (% of GDP)</wb:indicator>
    <wb:country id="ET">Ethiopia</wb:country>
    <wb:countryiso3code>ETH</wb:countryiso3code>
    <wb:date>1988</wb:date>
    <wb:value>10.2759174912097</wb:value>
    <wb:unit />
    <wb:obs_status />
    <wb:decimal>1</wb:decimal>
  </wb:data>
  <wb:data>
    <wb:indicator id="NV.IND.TOTL.ZS">Industry (including construction), value added (% of GDP)</wb:indicator>
    <wb:country id="ET">Ethiopia</wb:country>
    <wb:countryiso3code>ETH</wb:countryiso3code>
    <wb:date>1987</wb:date>
    <wb:value>11.0048297987972</wb:value>
    <wb:unit />
    <wb:obs_status />
    <wb:decimal>1</wb:decimal>
  </wb:data>
  <wb:data>
    <wb:indicator id="NV.IND.TOTL.ZS">Industry (including construction), value added (% of GDP)</wb:indicator>
    <wb:country id="ET">Ethiopia</wb:country>
    <wb:countryiso3code>ETH</wb:countryiso3code>
    <wb:date>1986</wb:date>
    <wb:value>9.70419114143965</wb:value>
    <wb:unit />
    <wb:obs_status />
    <wb:decimal>1</wb:decimal>
  </wb:data>
  <wb:data>
    <wb:indicator id="NV.IND.TOTL.ZS">Industry (including construction), value added (% of GDP)</wb:indicator>
    <wb:country id="ET">Ethiopia</wb:country>
    <wb:countryiso3code>ETH</wb:countryiso3code>
    <wb:date>1985</wb:date>
    <wb:value>9.17405720536875</wb:value>
    <wb:unit />
    <wb:obs_status />
    <wb:decimal>1</wb:decimal>
  </wb:data>
  <wb:data>
    <wb:indicator id="NV.IND.TOTL.ZS">Industry (including construction), value added (% of GDP)</wb:indicator>
    <wb:country id="ET">Ethiopia</wb:country>
    <wb:countryiso3code>ETH</wb:countryiso3code>
    <wb:date>1984</wb:date>
    <wb:value>10.1424638535565</wb:value>
    <wb:unit />
    <wb:obs_status />
    <wb:decimal>1</wb:decimal>
  </wb:data>
  <wb:data>
    <wb:indicator id="NV.IND.TOTL.ZS">Industry (including construction), value added (% of GDP)</wb:indicator>
    <wb:country id="ET">Ethiopia</wb:country>
    <wb:countryiso3code>ETH</wb:countryiso3code>
    <wb:date>1983</wb:date>
    <wb:value>8.483486880068</wb:value>
    <wb:unit />
    <wb:obs_status />
    <wb:decimal>1</wb:decimal>
  </wb:data>
  <wb:data>
    <wb:indicator id="NV.IND.TOTL.ZS">Industry (including construction), value added (% of GDP)</wb:indicator>
    <wb:country id="ET">Ethiopia</wb:country>
    <wb:countryiso3code>ETH</wb:countryiso3code>
    <wb:date>1982</wb:date>
    <wb:value>8.83330308660475</wb:value>
    <wb:unit />
    <wb:obs_status />
    <wb:decimal>1</wb:decimal>
  </wb:data>
  <wb:data>
    <wb:indicator id="NV.IND.TOTL.ZS">Industry (including construction), value added (% of GDP)</wb:indicator>
    <wb:country id="ET">Ethiopia</wb:country>
    <wb:countryiso3code>ETH</wb:countryiso3code>
    <wb:date>1981</wb:date>
    <wb:value>8.74065533147539</wb:value>
    <wb:unit />
    <wb:obs_status />
    <wb:decimal>1</wb:decimal>
  </wb:data>
  <wb:data>
    <wb:indicator id="NV.IND.TOTL.ZS">Industry (including construction), value added (% of GDP)</wb:indicator>
    <wb:country id="ET">Ethiopia</wb:country>
    <wb:countryiso3code>ETH</wb:countryiso3code>
    <wb:date>1980</wb:date>
    <wb:value />
    <wb:unit />
    <wb:obs_status />
    <wb:decimal>1</wb:decimal>
  </wb:data>
  <wb:data>
    <wb:indicator id="NV.IND.TOTL.ZS">Industry (including construction), value added (% of GDP)</wb:indicator>
    <wb:country id="ET">Ethiopia</wb:country>
    <wb:countryiso3code>ETH</wb:countryiso3code>
    <wb:date>1979</wb:date>
    <wb:value />
    <wb:unit />
    <wb:obs_status />
    <wb:decimal>1</wb:decimal>
  </wb:data>
  <wb:data>
    <wb:indicator id="NV.IND.TOTL.ZS">Industry (including construction), value added (% of GDP)</wb:indicator>
    <wb:country id="ET">Ethiopia</wb:country>
    <wb:countryiso3code>ETH</wb:countryiso3code>
    <wb:date>1978</wb:date>
    <wb:value />
    <wb:unit />
    <wb:obs_status />
    <wb:decimal>1</wb:decimal>
  </wb:data>
  <wb:data>
    <wb:indicator id="NV.IND.TOTL.ZS">Industry (including construction), value added (% of GDP)</wb:indicator>
    <wb:country id="ET">Ethiopia</wb:country>
    <wb:countryiso3code>ETH</wb:countryiso3code>
    <wb:date>1977</wb:date>
    <wb:value />
    <wb:unit />
    <wb:obs_status />
    <wb:decimal>1</wb:decimal>
  </wb:data>
  <wb:data>
    <wb:indicator id="NV.IND.TOTL.ZS">Industry (including construction), value added (% of GDP)</wb:indicator>
    <wb:country id="ET">Ethiopia</wb:country>
    <wb:countryiso3code>ETH</wb:countryiso3code>
    <wb:date>1976</wb:date>
    <wb:value />
    <wb:unit />
    <wb:obs_status />
    <wb:decimal>1</wb:decimal>
  </wb:data>
  <wb:data>
    <wb:indicator id="NV.IND.TOTL.ZS">Industry (including construction), value added (% of GDP)</wb:indicator>
    <wb:country id="ET">Ethiopia</wb:country>
    <wb:countryiso3code>ETH</wb:countryiso3code>
    <wb:date>1975</wb:date>
    <wb:value />
    <wb:unit />
    <wb:obs_status />
    <wb:decimal>1</wb:decimal>
  </wb:data>
  <wb:data>
    <wb:indicator id="NV.IND.TOTL.ZS">Industry (including construction), value added (% of GDP)</wb:indicator>
    <wb:country id="ET">Ethiopia</wb:country>
    <wb:countryiso3code>ETH</wb:countryiso3code>
    <wb:date>1974</wb:date>
    <wb:value />
    <wb:unit />
    <wb:obs_status />
    <wb:decimal>1</wb:decimal>
  </wb:data>
  <wb:data>
    <wb:indicator id="NV.IND.TOTL.ZS">Industry (including construction), value added (% of GDP)</wb:indicator>
    <wb:country id="ET">Ethiopia</wb:country>
    <wb:countryiso3code>ETH</wb:countryiso3code>
    <wb:date>1973</wb:date>
    <wb:value />
    <wb:unit />
    <wb:obs_status />
    <wb:decimal>1</wb:decimal>
  </wb:data>
</wb:data>