{"data": [{"id": "1386", "title": "The spatial distribution of population in 2000, Ethiopia", "desc": "Estimated total number of people per grid-cell. The dataset is available to download in Geotiff format at a resolution of 3 arc (approximately 100m at the equator). The projection is Geographic Coordinate System, WGS84. The units are number of people per pixel. The mapping approach is Random Forest-based dasymetric redistribution.", "doi": "10.5258/SOTON/WP00645", "date": "2018-11-01", "popyear": "2000", "citation": "WorldPop (www.worldpop.org - School of Geography and Environmental Science, University of Southampton; Department of Geography and Geosciences, University of Louisville; Departement de Geographie, Universite de Namur) and Center for International Earth Science Information Network (CIESIN), Columbia University (2018). Global High Resolution Population Denominators Project - Funded by The Bill and Melinda Gates Foundation (OPP1134076). https://dx.doi.org/10.5258/SOTON/WP00645", "data_file": "GIS/Population/Global_2000_2020/2000/ETH/eth_ppp_2000.tif", "archive": "N", "public": "Y", "source": "WorldPop, University of Southampton, UK", "data_format": "Geotiff", "author_email": "wp@worldpop.uk", "author_name": "WorldPop", "maintainer_name": "WorldPop", "maintainer_email": "wp@worldpop.uk", "project": "Population Counts", "category": "Unconstrained individual countries 2000-2020 ( 100m resolution )", "gtype": "Population", "continent": "Africa", "country": "Ethiopia", "iso3": "ETH", "files": ["https://data.worldpop.org/GIS/Population/Global_2000_2020/2000/ETH/eth_ppp_2000.tif"], "url_img": "https://hub.worldpop.org/tabs/gdata/img/1386/eth_ppp_wpgp_2000_Image.png", "organisation": "WorldPop, University of Southampton, UK, hub.worldpop.org", "license": "https://hub.worldpop.org/data/licence.txt", "url_summary": "https://hub.worldpop.org/geodata/summary?id=1386"}, {"id": "1635", "title": "The spatial distribution of population in 2001, Ethiopia", "desc": "Estimated total number of people per grid-cell. The dataset is available to download in Geotiff format at a resolution of 3 arc (approximately 100m at the equator). The projection is Geographic Coordinate System, WGS84. The units are number of people per pixel. The mapping approach is Random Forest-based dasymetric redistribution.", "doi": "10.5258/SOTON/WP00645", "date": "2018-11-01", "popyear": "2001", "citation": "WorldPop (www.worldpop.org - School of Geography and Environmental Science, University of Southampton; Department of Geography and Geosciences, University of Louisville; Departement de Geographie, Universite de Namur) and Center for International Earth Science Information Network (CIESIN), Columbia University (2018). Global High Resolution Population Denominators Project - Funded by The Bill and Melinda Gates Foundation (OPP1134076). https://dx.doi.org/10.5258/SOTON/WP00645", "data_file": "GIS/Population/Global_2000_2020/2001/ETH/eth_ppp_2001.tif", "archive": "N", "public": "Y", "source": "WorldPop, University of Southampton, UK", "data_format": "Geotiff", "author_email": "wp@worldpop.uk", "author_name": "WorldPop", "maintainer_name": "WorldPop", "maintainer_email": "wp@worldpop.uk", "project": "Population Counts", "category": "Unconstrained individual countries 2000-2020 ( 100m resolution )", "gtype": "Population", "continent": "Africa", "country": "Ethiopia", "iso3": "ETH", "files": ["https://data.worldpop.org/GIS/Population/Global_2000_2020/2001/ETH/eth_ppp_2001.tif"], "url_img": "https://hub.worldpop.org/tabs/gdata/img/1635/eth_ppp_wpgp_2001_Image.png", "organisation": "WorldPop, University of Southampton, UK, hub.worldpop.org", "license": "https://hub.worldpop.org/data/licence.txt", "url_summary": "https://hub.worldpop.org/geodata/summary?id=1635"}, {"id": "1884", "title": "The spatial distribution of population in 2002, Ethiopia", "desc": "Estimated total number of people per grid-cell. The dataset is available to download in Geotiff format at a resolution of 3 arc (approximately 100m at the equator). The projection is Geographic Coordinate System, WGS84. The units are number of people per pixel. The mapping approach is Random Forest-based dasymetric redistribution.", "doi": "10.5258/SOTON/WP00645", "date": "2018-11-01", "popyear": "2002", "citation": "WorldPop (www.worldpop.org - School of Geography and Environmental Science, University of Southampton; Department of Geography and Geosciences, University of Louisville; Departement de Geographie, Universite de Namur) and Center for International Earth Science Information Network (CIESIN), Columbia University (2018). Global High Resolution Population Denominators Project - Funded by The Bill and Melinda Gates Foundation (OPP1134076). https://dx.doi.org/10.5258/SOTON/WP00645", "data_file": "GIS/Population/Global_2000_2020/2002/ETH/eth_ppp_2002.tif", "archive": "N", "public": "Y", "source": "WorldPop, University of Southampton, UK", "data_format": "Geotiff", "author_email": "wp@worldpop.uk", "author_name": "WorldPop", "maintainer_name": "WorldPop", "maintainer_email": "wp@worldpop.uk", "project": "Population Counts", "category": "Unconstrained individual countries 2000-2020 ( 100m resolution )", "gtype": "Population", "continent": "Africa", "country": "Ethiopia", "iso3": "ETH", "files": ["https://data.worldpop.org/GIS/Population/Global_2000_2020/2002/ETH/eth_ppp_2002.tif"], "url_img": "https://hub.worldpop.org/tabs/gdata/img/1884/eth_ppp_wpgp_2002_Image.png", "organisation": "WorldPop, University of Southampton, UK, hub.worldpop.org", "license": "https://hub.worldpop.org/data/licence.txt", "url_summary": "https://hub.worldpop.org/geodata/summary?id=1884"}, {"id": "2133", "title": "The spatial distribution of population in 2003, Ethiopia", "desc": "Estimated total number of people per grid-cell. The dataset is available to download in Geotiff format at a resolution of 3 arc (approximately 100m at the equator). The projection is Geographic Coordinate System, WGS84. The units are number of people per pixel. The mapping approach is Random Forest-based dasymetric redistribution.", "doi": "10.5258/SOTON/WP00645", "date": "2018-11-01", "popyear": "2003", "citation": "WorldPop (www.worldpop.org - School of Geography and Environmental Science, University of Southampton; Department of Geography and Geosciences, University of Louisville; Departement de Geographie, Universite de Namur) and Center for International Earth Science Information Network (CIESIN), Columbia University (2018). Global High Resolution Population Denominators Project - Funded by The Bill and Melinda Gates Foundation (OPP1134076). https://dx.doi.org/10.5258/SOTON/WP00645", "data_file": "GIS/Population/Global_2000_2020/2003/ETH/eth_ppp_2003.tif", "archive": "N", "public": "Y", "source": "WorldPop, University of Southampton, UK", "data_format": "Geotiff", "author_email": "wp@worldpop.uk", "author_name": "WorldPop", "maintainer_name": "WorldPop", "maintainer_email": "wp@worldpop.uk", "project": "Population Counts", "category": "Unconstrained individual countries 2000-2020 ( 100m resolution )", "gtype": "Population", "continent": "Africa", "country": "Ethiopia", "iso3": "ETH", "files": ["https://data.worldpop.org/GIS/Population/Global_2000_2020/2003/ETH/eth_ppp_2003.tif"], "url_img": "https://hub.worldpop.org/tabs/gdata/img/2133/eth_ppp_wpgp_2003_Image.png", "organisation": "WorldPop, University of Southampton, UK, hub.worldpop.org", "license": "https://hub.worldpop.org/data/licence.txt", "url_summary": "https://hub.worldpop.org/geodata/summary?id=2133"}, {"id": "2382", "title": "The spatial distribution of population in 2004, Ethiopia", "desc": "Estimated total number of people per grid-cell. The dataset is available to download in Geotiff format at a resolution of 3 arc (approximately 100m at the equator). The projection is Geographic Coordinate System, WGS84. The units are number of people per pixel. The mapping approach is Random Forest-based dasymetric redistribution.", "doi": "10.5258/SOTON/WP00645", "date": "2018-11-01", "popyear": "2004", "citation": "WorldPop (www.worldpop.org - School of Geography and Environmental Science, University of Southampton; Department of Geography and Geosciences, University of Louisville; Departement de Geographie, Universite de Namur) and Center for International Earth Science Information Network (CIESIN), Columbia University (2018). Global High Resolution Population Denominators Project - Funded by The Bill and Melinda Gates Foundation (OPP1134076). https://dx.doi.org/10.5258/SOTON/WP00645", "data_file": "GIS/Population/Global_2000_2020/2004/ETH/eth_ppp_2004.tif", "archive": "N", "public": "Y", "source": "WorldPop, University of Southampton, UK", "data_format": "Geotiff", "author_email": "wp@worldpop.uk", "author_name": "WorldPop", "maintainer_name": "WorldPop", "maintainer_email": "wp@worldpop.uk", "project": "Population Counts", "category": "Unconstrained individual countries 2000-2020 ( 100m resolution )", "gtype": "Population", "continent": "Africa", "country": "Ethiopia", "iso3": "ETH", "files": ["https://data.worldpop.org/GIS/Population/Global_2000_2020/2004/ETH/eth_ppp_2004.tif"], "url_img": "https://hub.worldpop.org/tabs/gdata/img/2382/eth_ppp_wpgp_2004_Image.png", "organisation": "WorldPop, University of Southampton, UK, hub.worldpop.org", "license": "https://hub.worldpop.org/data/licence.txt", "url_summary": "https://hub.worldpop.org/geodata/summary?id=2382"}, {"id": "2631", "title": "The spatial distribution of population in 2005, Ethiopia", "desc": "Estimated total number of people per grid-cell. The dataset is available to download in Geotiff format at a resolution of 3 arc (approximately 100m at the equator). The projection is Geographic Coordinate System, WGS84. The units are number of people per pixel. The mapping approach is Random Forest-based dasymetric redistribution.", "doi": "10.5258/SOTON/WP00645", "date": "2018-11-01", "popyear": "2005", "citation": "WorldPop (www.worldpop.org - School of Geography and Environmental Science, University of Southampton; Department of Geography and Geosciences, University of Louisville; Departement de Geographie, Universite de Namur) and Center for International Earth Science Information Network (CIESIN), Columbia University (2018). Global High Resolution Population Denominators Project - Funded by The Bill and Melinda Gates Foundation (OPP1134076). https://dx.doi.org/10.5258/SOTON/WP00645", "data_file": "GIS/Population/Global_2000_2020/2005/ETH/eth_ppp_2005.tif", "archive": "N", "public": "Y", "source": "WorldPop, University of Southampton, UK", "data_format": "Geotiff", "author_email": "wp@worldpop.uk", "author_name": "WorldPop", "maintainer_name": "WorldPop", "maintainer_email": "wp@worldpop.uk", "project": "Population Counts", "category": "Unconstrained individual countries 2000-2020 ( 100m resolution )", "gtype": "Population", "continent": "Africa", "country": "Ethiopia", "iso3": "ETH", "files": ["https://data.worldpop.org/GIS/Population/Global_2000_2020/2005/ETH/eth_ppp_2005.tif"], "url_img": "https://hub.worldpop.org/tabs/gdata/img/2631/eth_ppp_wpgp_2005_Image.png", "organisation": "WorldPop, University of Southampton, UK, hub.worldpop.org", "license": "https://hub.worldpop.org/data/licence.txt", "url_summary": "https://hub.worldpop.org/geodata/summary?id=2631"}, {"id": "2880", "title": "The spatial distribution of population in 2006, Ethiopia", "desc": "Estimated total number of people per grid-cell. The dataset is available to download in Geotiff format at a resolution of 3 arc (approximately 100m at the equator). The projection is Geographic Coordinate System, WGS84. The units are number of people per pixel. The mapping approach is Random Forest-based dasymetric redistribution.", "doi": "10.5258/SOTON/WP00645", "date": "2018-11-01", "popyear": "2006", "citation": "WorldPop (www.worldpop.org - School of Geography and Environmental Science, University of Southampton; Department of Geography and Geosciences, University of Louisville; Departement de Geographie, Universite de Namur) and Center for International Earth Science Information Network (CIESIN), Columbia University (2018). Global High Resolution Population Denominators Project - Funded by The Bill and Melinda Gates Foundation (OPP1134076). https://dx.doi.org/10.5258/SOTON/WP00645", "data_file": "GIS/Population/Global_2000_2020/2006/ETH/eth_ppp_2006.tif", "archive": "N", "public": "Y", "source": "WorldPop, University of Southampton, UK", "data_format": "Geotiff", "author_email": "wp@worldpop.uk", "author_name": "WorldPop", "maintainer_name": "WorldPop", "maintainer_email": "wp@worldpop.uk", "project": "Population Counts", "category": "Unconstrained individual countries 2000-2020 ( 100m resolution )", "gtype": "Population", "continent": "Africa", "country": "Ethiopia", "iso3": "ETH", "files": ["https://data.worldpop.org/GIS/Population/Global_2000_2020/2006/ETH/eth_ppp_2006.tif"], "url_img": "https://hub.worldpop.org/tabs/gdata/img/2880/eth_ppp_wpgp_2006_Image.png", "organisation": "WorldPop, University of Southampton, UK, hub.worldpop.org", "license": "https://hub.worldpop.org/data/licence.txt", "url_summary": "https://hub.worldpop.org/geodata/summary?id=2880"}, {"id": "3129", "title": "The spatial distribution of population in 2007, Ethiopia", "desc": "Estimated total number of people per grid-cell. The dataset is available to download in Geotiff format at a resolution of 3 arc (approximately 100m at the equator). The projection is Geographic Coordinate System, WGS84. The units are number of people per pixel. The mapping approach is Random Forest-based dasymetric redistribution.", "doi": "10.5258/SOTON/WP00645", "date": "2018-11-01", "popyear": "2007", "citation": "WorldPop (www.worldpop.org - School of Geography and Environmental Science, University of Southampton; Department of Geography and Geosciences, University of Louisville; Departement de Geographie, Universite de Namur) and Center for International Earth Science Information Network (CIESIN), Columbia University (2018). Global High Resolution Population Denominators Project - Funded by The Bill and Melinda Gates Foundation (OPP1134076). https://dx.doi.org/10.5258/SOTON/WP00645", "data_file": "GIS/Population/Global_2000_2020/2007/ETH/eth_ppp_2007.tif", "archive": "N", "public": "Y", "source": "WorldPop, University of Southampton, UK", "data_format": "Geotiff", "author_email": "wp@worldpop.uk", "author_name": "WorldPop", "maintainer_name": "WorldPop", "maintainer_email": "wp@worldpop.uk", "project": "Population Counts", "category": "Unconstrained individual countries 2000-2020 ( 100m resolution )", "gtype": "Population", "continent": "Africa", "country": "Ethiopia", "iso3": "ETH", "files": ["https://data.worldpop.org/GIS/Population/Global_2000_2020/2007/ETH/eth_ppp_2007.tif"], "url_img": "https://hub.worldpop.org/tabs/gdata/img/3129/eth_ppp_wpgp_2007_Image.png", "organisation": "WorldPop, University of Southampton, UK, hub.worldpop.org", "license": "https://hub.worldpop.org/data/licence.txt", "url_summary": "https://hub.worldpop.org/geodata/summary?id=3129"}, {"id": "3378", "title": "The spatial distribution of population in 2008, Ethiopia", "desc": "Estimated total number of people per grid-cell. The dataset is available to download in Geotiff format at a resolution of 3 arc (approximately 100m at the equator). The projection is Geographic Coordinate System, WGS84. The units are number of people per pixel. The mapping approach is Random Forest-based dasymetric redistribution.", "doi": "10.5258/SOTON/WP00645", "date": "2018-11-01", "popyear": "2008", "citation": "WorldPop (www.worldpop.org - School of Geography and Environmental Science, University of Southampton; Department of Geography and Geosciences, University of Louisville; Departement de Geographie, Universite de Namur) and Center for International Earth Science Information Network (CIESIN), Columbia University (2018). Global High Resolution Population Denominators Project - Funded by The Bill and Melinda Gates Foundation (OPP1134076). https://dx.doi.org/10.5258/SOTON/WP00645", "data_file": "GIS/Population/Global_2000_2020/2008/ETH/eth_ppp_2008.tif", "archive": "N", "public": "Y", "source": "WorldPop, University of Southampton, UK", "data_format": "Geotiff", "author_email": "wp@worldpop.uk", "author_name": "WorldPop", "maintainer_name": "WorldPop", "maintainer_email": "wp@worldpop.uk", "project": "Population Counts", "category": "Unconstrained individual countries 2000-2020 ( 100m resolution )", "gtype": "Population", "continent": "Africa", "country": "Ethiopia", "iso3": "ETH", "files": ["https://data.worldpop.org/GIS/Population/Global_2000_2020/2008/ETH/eth_ppp_2008.tif"], "url_img": "https://hub.worldpop.org/tabs/gdata/img/3378/eth_ppp_wpgp_2008_Image.png", "organisation": "WorldPop, University of Southampton, UK, hub.worldpop.org", "license": "https://hub.worldpop.org/data/licence.txt", "url_summary": "https://hub.worldpop.org/geodata/summary?id=3378"}, {"id": "3619", "title": "The spatial distribution of population in 2009, Ethiopia", "desc": "Estimated total number of people per grid-cell. The dataset is available to download in Geotiff format at a resolution of 3 arc (approximately 100m at the equator). The projection is Geographic Coordinate System, WGS84. The units are number of people per pixel. The mapping approach is Random Forest-based dasymetric redistribution.", "doi": "10.5258/SOTON/WP00645", "date": "2018-11-01", "popyear": "2009", "citation": "WorldPop (www.worldpop.org - School of Geography and Environmental Science, University of Southampton; Department of Geography and Geosciences, University of Louisville; Departement de Geographie, Universite de Namur) and Center for International Earth Science Information Network (CIESIN), Columbia University (2018). Global High Resolution Population Denominators Project - Funded by The Bill and Melinda Gates Foundation (OPP1134076). https://dx.doi.org/10.5258/SOTON/WP00645", "data_file": "GIS/Population/Global_2000_2020/2009/ETH/eth_ppp_2009.tif", "archive": "N", "public": "Y", "source": "WorldPop, University of Southampton, UK", "data_format": "Geotiff", "author_email": "wp@worldpop.uk", "author_name": "WorldPop", "maintainer_name": "WorldPop", "maintainer_email": "wp@worldpop.uk", "project": "Population Counts", "category": "Unconstrained individual countries 2000-2020 ( 100m resolution )", "gtype": "Population", "continent": "Africa", "country": "Ethiopia", "iso3": "ETH", "files": ["https://data.worldpop.org/GIS/Population/Global_2000_2020/2009/ETH/eth_ppp_2009.tif"], "url_img": "https://hub.worldpop.org/tabs/gdata/img/3619/eth_ppp_wpgp_2009_Image.png", "organisation": "WorldPop, University of Southampton, UK, hub.worldpop.org", "license": "https://hub.worldpop.org/data/licence.txt", "url_summary": "https://hub.worldpop.org/geodata/summary?id=3619"}, {"id": "3868", "title": "The spatial distribution of population in 2010, Ethiopia", "desc": "Estimated total number of people per grid-cell. The dataset is available to download in Geotiff format at a resolution of 3 arc (approximately 100m at the equator). The projection is Geographic Coordinate System, WGS84. The units are number of people per pixel. The mapping approach is Random Forest-based dasymetric redistribution.", "doi": "10.5258/SOTON/WP00645", "date": "2018-11-01", "popyear": "2010", "citation": "WorldPop (www.worldpop.org - School of Geography and Environmental Science, University of Southampton; Department of Geography and Geosciences, University of Louisville; Departement de Geographie, Universite de Namur) and Center for International Earth Science Information Network (CIESIN), Columbia University (2018). Global High Resolution Population Denominators Project - Funded by The Bill and Melinda Gates Foundation (OPP1134076). https://dx.doi.org/10.5258/SOTON/WP00645", "data_file": "GIS/Population/Global_2000_2020/2010/ETH/eth_ppp_2010.tif", "archive": "N", "public": "Y", "source": "WorldPop, University of Southampton, UK", "data_format": "Geotiff", "author_email": "wp@worldpop.uk", "author_name": "WorldPop", "maintainer_name": "WorldPop", "maintainer_email": "wp@worldpop.uk", "project": "Population Counts", "category": "Unconstrained individual countries 2000-2020 ( 100m resolution )", "gtype": "Population", "continent": "Africa", "country": "Ethiopia", "iso3": "ETH", "files": ["https://data.worldpop.org/GIS/Population/Global_2000_2020/2010/ETH/eth_ppp_2010.tif"], "url_img": "https://hub.worldpop.org/tabs/gdata/img/3868/eth_ppp_wpgp_2010_Image.png", "organisation": "WorldPop, University of Southampton, UK, hub.worldpop.org", "license": "https://hub.worldpop.org/data/licence.txt", "url_summary": "https://hub.worldpop.org/geodata/summary?id=3868"}, {"id": "4117", "title": "The spatial distribution of population in 2011, Ethiopia", "desc": "Estimated total number of people per grid-cell. The dataset is available to download in Geotiff format at a resolution of 3 arc (approximately 100m at the equator). The projection is Geographic Coordinate System, WGS84. The units are number of people per pixel. The mapping approach is Random Forest-based dasymetric redistribution.", "doi": "10.5258/SOTON/WP00645", "date": "2018-11-01", "popyear": "2011", "citation": "WorldPop (www.worldpop.org - School of Geography and Environmental Science, University of Southampton; Department of Geography and Geosciences, University of Louisville; Departement de Geographie, Universite de Namur) and Center for International Earth Science Information Network (CIESIN), Columbia University (2018). Global High Resolution Population Denominators Project - Funded by The Bill and Melinda Gates Foundation (OPP1134076). https://dx.doi.org/10.5258/SOTON/WP00645", "data_file": "GIS/Population/Global_2000_2020/2011/ETH/eth_ppp_2011.tif", "archive": "N", "public": "Y", "source": "WorldPop, University of Southampton, UK", "data_format": "Geotiff", "author_email": "wp@worldpop.uk", "author_name": "WorldPop", "maintainer_name": "WorldPop", "maintainer_email": "wp@worldpop.uk", "project": "Population Counts", "category": "Unconstrained individual countries 2000-2020 ( 100m resolution )", "gtype": "Population", "continent": "Africa", "country": "Ethiopia", "iso3": "ETH", "files": ["https://data.worldpop.org/GIS/Population/Global_2000_2020/2011/ETH/eth_ppp_2011.tif"], "url_img": "https://hub.worldpop.org/tabs/gdata/img/4117/eth_ppp_wpgp_2011_Image.png", "organisation": "WorldPop, University of Southampton, UK, hub.worldpop.org", "license": "https://hub.worldpop.org/data/licence.txt", "url_summary": "https://hub.worldpop.org/geodata/summary?id=4117"}, {"id": "4366", "title": "The spatial distribution of population in 2012, Ethiopia", "desc": "Estimated total number of people per grid-cell. The dataset is available to download in Geotiff format at a resolution of 3 arc (approximately 100m at the equator). The projection is Geographic Coordinate System, WGS84. The units are number of people per pixel. The mapping approach is Random Forest-based dasymetric redistribution.", "doi": "10.5258/SOTON/WP00645", "date": "2018-11-01", "popyear": "2012", "citation": "WorldPop (www.worldpop.org - School of Geography and Environmental Science, University of Southampton; Department of Geography and Geosciences, University of Louisville; Departement de Geographie, Universite de Namur) and Center for International Earth Science Information Network (CIESIN), Columbia University (2018). Global High Resolution Population Denominators Project - Funded by The Bill and Melinda Gates Foundation (OPP1134076). https://dx.doi.org/10.5258/SOTON/WP00645", "data_file": "GIS/Population/Global_2000_2020/2012/ETH/eth_ppp_2012.tif", "archive": "N", "public": "Y", "source": "WorldPop, University of Southampton, UK", "data_format": "Geotiff", "author_email": "wp@worldpop.uk", "author_name": "WorldPop", "maintainer_name": "WorldPop", "maintainer_email": "wp@worldpop.uk", "project": "Population Counts", "category": "Unconstrained individual countries 2000-2020 ( 100m resolution )", "gtype": "Population", "continent": "Africa", "country": "Ethiopia", "iso3": "ETH", "files": ["https://data.worldpop.org/GIS/Population/Global_2000_2020/2012/ETH/eth_ppp_2012.tif"], "url_img": "https://hub.worldpop.org/tabs/gdata/img/4366/eth_ppp_wpgp_2012_Image.png", "organisation": "WorldPop, University of Southampton, UK, hub.worldpop.org", "license": "https://hub.worldpop.org/data/licence.txt", "url_summary": "https://hub.worldpop.org/geodata/summary?id=4366"}, {"id": "4615", "title": "The spatial distribution of population in 2013, Ethiopia", "desc": "Estimated total number of people per grid-cell. The dataset is available to download in Geotiff format at a resolution of 3 arc (approximately 100m at the equator). The projection is Geographic Coordinate System, WGS84. The units are number of people per pixel. The mapping approach is Random Forest-based dasymetric redistribution.", "doi": "10.5258/SOTON/WP00645", "date": "2018-11-01", "popyear": "2013", "citation": "WorldPop (www.worldpop.org - School of Geography and Environmental Science, University of Southampton; Department of Geography and Geosciences, University of Louisville; Departement de Geographie, Universite de Namur) and Center for International Earth Science Information Network (CIESIN), Columbia University (2018). Global High Resolution Population Denominators Project - Funded by The Bill and Melinda Gates Foundation (OPP1134076). https://dx.doi.org/10.5258/SOTON/WP00645", "data_file": "GIS/Population/Global_2000_2020/2013/ETH/eth_ppp_2013.tif", "archive": "N", "public": "Y", "source": "WorldPop, University of Southampton, UK", "data_format": "Geotiff", "author_email": "wp@worldpop.uk", "author_name": "WorldPop", "maintainer_name": "WorldPop", "maintainer_email": "wp@worldpop.uk", "project": "Population Counts", "category": "Unconstrained individual countries 2000-2020 ( 100m resolution )", "gtype": "Population", "continent": "Africa", "country": "Ethiopia", "iso3": "ETH", "files": ["https://data.worldpop.org/GIS/Population/Global_2000_2020/2013/ETH/eth_ppp_2013.tif"], "url_img": "https://hub.worldpop.org/tabs/gdata/img/4615/eth_ppp_wpgp_2013_Image.png", "organisation": "WorldPop, University of Southampton, UK, hub.worldpop.org", "license": "https://hub.worldpop.org/data/licence.txt", "url_summary": "https://hub.worldpop.org/geodata/summary?id=4615"}, {"id": "4864", "title": "The spatial distribution of population in 2014, Ethiopia", "desc": "Estimated total number of people per grid-cell. The dataset is available to download in Geotiff format at a resolution of 3 arc (approximately 100m at the equator). The projection is Geographic Coordinate System, WGS84. The units are number of people per pixel. The mapping approach is Random Forest-based dasymetric redistribution.", "doi": "10.5258/SOTON/WP00645", "date": "2018-11-01", "popyear": "2014", "citation": "WorldPop (www.worldpop.org - School of Geography and Environmental Science, University of Southampton; Department of Geography and Geosciences, University of Louisville; Departement de Geographie, Universite de Namur) and Center for International Earth Science Information Network (CIESIN), Columbia University (2018). Global High Resolution Population Denominators Project - Funded by The Bill and Melinda Gates Foundation (OPP1134076). https://dx.doi.org/10.5258/SOTON/WP00645", "data_file": "GIS/Population/Global_2000_2020/2014/ETH/eth_ppp_2014.tif", "archive": "N", "public": "Y", "source": "WorldPop, University of Southampton, UK", "data_format": "Geotiff", "author_email": "wp@worldpop.uk", "author_name": "WorldPop", "maintainer_name": "WorldPop", "maintainer_email": "wp@worldpop.uk", "project": "Population Counts", "category": "Unconstrained individual countries 2000-2020 ( 100m resolution )", "gtype": "Population", "continent": "Africa", "country": "Ethiopia", "iso3": "ETH", "files": ["https://data.worldpop.org/GIS/Population/Global_2000_2020/2014/ETH/eth_ppp_2014.tif"], "url_img": "https://hub.worldpop.org/tabs/gdata/img/4864/eth_ppp_wpgp_2014_Image.png", "organisation": "WorldPop, University of Southampton, UK, hub.worldpop.org", "license": "https://hub.worldpop.org/data/licence.txt", "url_summary": "https://hub.worldpop.org/geodata/summary?id=4864"}, {"id": "5113", "title": "The spatial distribution of population in 2015, Ethiopia", "desc": "Estimated total number of people per grid-cell. The dataset is available to download in Geotiff format at a resolution of 3 arc (approximately 100m at the equator). The projection is Geographic Coordinate System, WGS84. The units are number of people per pixel. The mapping approach is Random Forest-based dasymetric redistribution.", "doi": "10.5258/SOTON/WP00645", "date": "2018-11-01", "popyear": "2015", "citation": "WorldPop (www.worldpop.org - School of Geography and Environmental Science, University of Southampton; Department of Geography and Geosciences, University of Louisville; Departement de Geographie, Universite de Namur) and Center for International Earth Science Information Network (CIESIN), Columbia University (2018). Global High Resolution Population Denominators Project - Funded by The Bill and Melinda Gates Foundation (OPP1134076). https://dx.doi.org/10.5258/SOTON/WP00645", "data_file": "GIS/Population/Global_2000_2020/2015/ETH/eth_ppp_2015.tif", "archive": "N", "public": "Y", "source": "WorldPop, University of Southampton, UK", "data_format": "Geotiff", "author_email": "wp@worldpop.uk", "author_name": "WorldPop", "maintainer_name": "WorldPop", "maintainer_email": "wp@worldpop.uk", "project": "Population Counts", "category": "Unconstrained individual countries 2000-2020 ( 100m resolution )", "gtype": "Population", "continent": "Africa", "country": "Ethiopia", "iso3": "ETH", "files": ["https://data.worldpop.org/GIS/Population/Global_2000_2020/2015/ETH/eth_ppp_2015.tif"], "url_img": "https://hub.worldpop.org/tabs/gdata/img/5113/eth_ppp_wpgp_2015_Image.png", "organisation": "WorldPop, University of Southampton, UK, hub.worldpop.org", "license": "https://hub.worldpop.org/data/licence.txt", "url_summary": "https://hub.worldpop.org/geodata/summary?id=5113"}, {"id": "5362", "title": "The spatial distribution of population in 2016, Ethiopia", "desc": "Estimated total number of people per grid-cell. The dataset is available to download in Geotiff format at a resolution of 3 arc (approximately 100m at the equator). The projection is Geographic Coordinate System, WGS84. The units are number of people per pixel. The mapping approach is Random Forest-based dasymetric redistribution.", "doi": "10.5258/SOTON/WP00645", "date": "2018-11-01", "popyear": "2016", "citation": "WorldPop (www.worldpop.org - School of Geography and Environmental Science, University of Southampton; Department of Geography and Geosciences, University of Louisville; Departement de Geographie, Universite de Namur) and Center for International Earth Science Information Network (CIESIN), Columbia University (2018). Global High Resolution Population Denominators Project - Funded by The Bill and Melinda Gates Foundation (OPP1134076). https://dx.doi.org/10.5258/SOTON/WP00645", "data_file": "GIS/Population/Global_2000_2020/2016/ETH/eth_ppp_2016.tif", "archive": "N", "public": "Y", "source": "WorldPop, University of Southampton, UK", "data_format": "Geotiff", "author_email": "wp@worldpop.uk", "author_name": "WorldPop", "maintainer_name": "WorldPop", "maintainer_email": "wp@worldpop.uk", "project": "Population Counts", "category": "Unconstrained individual countries 2000-2020 ( 100m resolution )", "gtype": "Population", "continent": "Africa", "country": "Ethiopia", "iso3": "ETH", "files": ["https://data.worldpop.org/GIS/Population/Global_2000_2020/2016/ETH/eth_ppp_2016.tif"], "url_img": "https://hub.worldpop.org/tabs/gdata/img/5362/eth_ppp_wpgp_2016_Image.png", "organisation": "WorldPop, University of Southampton, UK, hub.worldpop.org", "license": "https://hub.worldpop.org/data/licence.txt", "url_summary": "https://hub.worldpop.org/geodata/summary?id=5362"}, {"id": "5611", "title": "The spatial distribution of population in 2017, Ethiopia", "desc": "Estimated total number of people per grid-cell. The dataset is available to download in Geotiff format at a resolution of 3 arc (approximately 100m at the equator). The projection is Geographic Coordinate System, WGS84. The units are number of people per pixel. The mapping approach is Random Forest-based dasymetric redistribution.", "doi": "10.5258/SOTON/WP00645", "date": "2018-11-01", "popyear": "2017", "citation": "WorldPop (www.worldpop.org - School of Geography and Environmental Science, University of Southampton; Department of Geography and Geosciences, University of Louisville; Departement de Geographie, Universite de Namur) and Center for International Earth Science Information Network (CIESIN), Columbia University (2018). Global High Resolution Population Denominators Project - Funded by The Bill and Melinda Gates Foundation (OPP1134076). https://dx.doi.org/10.5258/SOTON/WP00645", "data_file": "GIS/Population/Global_2000_2020/2017/ETH/eth_ppp_2017.tif", "archive": "N", "public": "Y", "source": "WorldPop, University of Southampton, UK", "data_format": "Geotiff", "author_email": "wp@worldpop.uk", "author_name": "WorldPop", "maintainer_name": "WorldPop", "maintainer_email": "wp@worldpop.uk", "project": "Population Counts", "category": "Unconstrained individual countries 2000-2020 ( 100m resolution )", "gtype": "Population", "continent": "Africa", "country": "Ethiopia", "iso3": "ETH", "files": ["https://data.worldpop.org/GIS/Population/Global_2000_2020/2017/ETH/eth_ppp_2017.tif"], "url_img": "https://hub.worldpop.org/tabs/gdata/img/5611/eth_ppp_wpgp_2017_Image.png", "organisation": "WorldPop, University of Southampton, UK, hub.worldpop.org", "license": "https://hub.worldpop.org/data/licence.txt", "url_summary": "https://hub.worldpop.org/geodata/summary?id=5611"}, {"id": "5860", "title": "The spatial distribution of population in 2018, Ethiopia", "desc": "Estimated total number of people per grid-cell. The dataset is available to download in Geotiff format at a resolution of 3 arc (approximately 100m at the equator). The projection is Geographic Coordinate System, WGS84. The units are number of people per pixel. The mapping approach is Random Forest-based dasymetric redistribution.", "doi": "10.5258/SOTON/WP00645", "date": "2018-11-01", "popyear": "2018", "citation": "WorldPop (www.worldpop.org - School of Geography and Environmental Science, University of Southampton; Department of Geography and Geosciences, University of Louisville; Departement de Geographie, Universite de Namur) and Center for International Earth Science Information Network (CIESIN), Columbia University (2018). Global High Resolution Population Denominators Project - Funded by The Bill and Melinda Gates Foundation (OPP1134076). https://dx.doi.org/10.5258/SOTON/WP00645", "data_file": "GIS/Population/Global_2000_2020/2018/ETH/eth_ppp_2018.tif", "archive": "N", "public": "Y", "source": "WorldPop, University of Southampton, UK", "data_format": "Geotiff", "author_email": "wp@worldpop.uk", "author_name": "WorldPop", "maintainer_name": "WorldPop", "maintainer_email": "wp@worldpop.uk", "project": "Population Counts", "category": "Unconstrained individual countries 2000-2020 ( 100m resolution )", "gtype": "Population", "continent": "Africa", "country": "Ethiopia", "iso3": "ETH", "files": ["https://data.worldpop.org/GIS/Population/Global_2000_2020/2018/ETH/eth_ppp_2018.tif"], "url_img": "https://hub.worldpop.org/tabs/gdata/img/5860/eth_ppp_wpgp_2018_Image.png", "organisation": "WorldPop, University of Southampton, UK, hub.worldpop.org", "license": "https://hub.worldpop.org/data/licence.txt", "url_summary": "https://hub.worldpop.org/geodata/summary?id=5860"}, {"id": "6109", "title": "The spatial distribution of population in 2019, Ethiopia", "desc": "Estimated total number of people per grid-cell. The dataset is available to download in Geotiff format at a resolution of 3 arc (approximately 100m at the equator). The projection is Geographic Coordinate System, WGS84. The units are number of people per pixel. The mapping approach is Random Forest-based dasymetric redistribution.", "doi": "10.5258/SOTON/WP00645", "date": "2018-11-01", "popyear": "2019", "citation": "WorldPop (www.worldpop.org - School of Geography and Environmental Science, University of Southampton; Department of Geography and Geosciences, University of Louisville; Departement de Geographie, Universite de Namur) and Center for International Earth Science Information Network (CIESIN), Columbia University (2018). Global High Resolution Population Denominators Project - Funded by The Bill and Melinda Gates Foundation (OPP1134076). https://dx.doi.org/10.5258/SOTON/WP00645", "data_file": "GIS/Population/Global_2000_2020/2019/ETH/eth_ppp_2019.tif", "archive": "N", "public": "Y", "source": "WorldPop, University of Southampton, UK", "data_format": "Geotiff", "author_email": "wp@worldpop.uk", "author_name": "WorldPop", "maintainer_name": "WorldPop", "maintainer_email": "wp@worldpop.uk", "project": "Population Counts", "category": "Unconstrained individual countries 2000-2020 ( 100m resolution )", "gtype": "Population", "continent": "Africa", "country": "Ethiopia", "iso3": "ETH", "files": ["https://data.worldpop.org/GIS/Population/Global_2000_2020/2019/ETH/eth_ppp_2019.tif"], "url_img": "https://hub.worldpop.org/tabs/gdata/img/6109/eth_ppp_wpgp_2019_Image.png", "organisation": "WorldPop, University of Southampton, UK, hub.worldpop.org", "license": "https://hub.worldpop.org/data/licence.txt", "url_summary": "https://hub.worldpop.org/geodata/summary?id=6109"}, {"id": "6358", "title": "The spatial distribution of population in 2020, Ethiopia", "desc": "Estimated total number of people per grid-cell. The dataset is available to download in Geotiff format at a resolution of 3 arc (approximately 100m at the equator). The projection is Geographic Coordinate System, WGS84. The units are number of people per pixel. The mapping approach is Random Forest-based dasymetric redistribution.", "doi": "10.5258/SOTON/WP00645", "date": "2018-11-01", "popyear": "2020", "citation": "WorldPop (www.worldpop.org - School of Geography and Environmental Science, University of Southampton; Department of Geography and Geosciences, University of Louisville; Departement de Geographie, Universite de Namur) and Center for International Earth Science Information Network (CIESIN), Columbia University (2018). Global High Resolution Population Denominators Project - Funded by The Bill and Melinda Gates Foundation (OPP1134076). https://dx.doi.org/10.5258/SOTON/WP00645", "data_file": "GIS/Population/Global_2000_2020/2020/ETH/eth_ppp_2020.tif", "archive": "N", "public": "Y", "source": "WorldPop, University of Southampton, UK", "data_format": "Geotiff", "author_email": "wp@worldpop.uk", "author_name": "WorldPop", "maintainer_name": "WorldPop", "maintainer_email": "wp@worldpop.uk", "project": "Population Counts", "category": "Unconstrained individual countries 2000-2020 ( 100m resolution )", "gtype": "Population", "continent": "Africa", "country": "Ethiopia", "iso3": "ETH", "files": ["https://data.worldpop.org/GIS/Population/Global_2000_2020/2020/ETH/eth_ppp_2020.tif"], "url_img": "https://hub.worldpop.org/tabs/gdata/img/6358/eth_ppp_wpgp_2020_Image.png", "organisation": "WorldPop, University of Southampton, UK, hub.worldpop.org", "license": "https://hub.worldpop.org/data/licence.txt", "url_summary": "https://hub.worldpop.org/geodata/summary?id=6358"}]}