<?xml version="1.0" encoding="utf-8"?>
<wb:data page="1" pages="2" per_page="50" total="63" sourceid="2" lastupdated="2023-07-25" xmlns:wb="http://www.worldbank.org">
  <wb:data>
    <wb:indicator id="ER.H2O.FWST.ZS">Level of water stress: freshwater withdrawal as a proportion of available freshwater resources</wb:indicator>
    <wb:country id="ET">Ethiopia</wb:country>
    <wb:countryiso3code>ETH</wb:countryiso3code>
    <wb:date>2022</wb:date>
    <wb:value />
    <wb:unit />
    <wb:obs_status />
    <wb:decimal>2</wb:decimal>
  </wb:data>
  <wb:data>
    <wb:indicator id="ER.H2O.FWST.ZS">Level of water stress: freshwater withdrawal as a proportion of available freshwater resources</wb:indicator>
    <wb:country id="ET">Ethiopia</wb:country>
    <wb:countryiso3code>ETH</wb:countryiso3code>
    <wb:date>2021</wb:date>
    <wb:value />
    <wb:unit />
    <wb:obs_status />
    <wb:decimal>2</wb:decimal>
  </wb:data>
  <wb:data>
    <wb:indicator id="ER.H2O.FWST.ZS">Level of water stress: freshwater withdrawal as a proportion of available freshwater resources</wb:indicator>
    <wb:country id="ET">Ethiopia</wb:country>
    <wb:countryiso3code>ETH</wb:countryiso3code>
    <wb:date>2020</wb:date>
    <wb:value>32.2571865443</wb:value>
    <wb:unit />
    <wb:obs_status />
    <wb:decimal>2</wb:decimal>
  </wb:data>
  <wb:data>
    <wb:indicator id="ER.H2O.FWST.ZS">Level of water stress: freshwater withdrawal as a proportion of available freshwater resources</wb:indicator>
    <wb:country id="ET">Ethiopia</wb:country>
    <wb:countryiso3code>ETH</wb:countryiso3code>
    <wb:date>2019</wb:date>
    <wb:value>32.2571865443</wb:value>
    <wb:unit />
    <wb:obs_status />
    <wb:decimal>2</wb:decimal>
  </wb:data>
  <wb:data>
    <wb:indicator id="ER.H2O.FWST.ZS">Level of water stress: freshwater withdrawal as a proportion of available freshwater resources</wb:indicator>
    <wb:country id="ET">Ethiopia</wb:country>
    <wb:countryiso3code>ETH</wb:countryiso3code>
    <wb:date>2018</wb:date>
    <wb:value>32.2571865443</wb:value>
    <wb:unit />
    <wb:obs_status />
    <wb:decimal>2</wb:decimal>
  </wb:data>
  <wb:data>
    <wb:indicator id="ER.H2O.FWST.ZS">Level of water stress: freshwater withdrawal as a proportion of available freshwater resources</wb:indicator>
    <wb:country id="ET">Ethiopia</wb:country>
    <wb:countryiso3code>ETH</wb:countryiso3code>
    <wb:date>2017</wb:date>
    <wb:value>32.2571865443</wb:value>
    <wb:unit />
    <wb:obs_status />
    <wb:decimal>2</wb:decimal>
  </wb:data>
  <wb:data>
    <wb:indicator id="ER.H2O.FWST.ZS">Level of water stress: freshwater withdrawal as a proportion of available freshwater resources</wb:indicator>
    <wb:country id="ET">Ethiopia</wb:country>
    <wb:countryiso3code>ETH</wb:countryiso3code>
    <wb:date>2016</wb:date>
    <wb:value>32.2629969419</wb:value>
    <wb:unit />
    <wb:obs_status />
    <wb:decimal>2</wb:decimal>
  </wb:data>
  <wb:data>
    <wb:indicator id="ER.H2O.FWST.ZS">Level of water stress: freshwater withdrawal as a proportion of available freshwater resources</wb:indicator>
    <wb:country id="ET">Ethiopia</wb:country>
    <wb:countryiso3code>ETH</wb:countryiso3code>
    <wb:date>2015</wb:date>
    <wb:value>31.510175146</wb:value>
    <wb:unit />
    <wb:obs_status />
    <wb:decimal>2</wb:decimal>
  </wb:data>
  <wb:data>
    <wb:indicator id="ER.H2O.FWST.ZS">Level of water stress: freshwater withdrawal as a proportion of available freshwater resources</wb:indicator>
    <wb:country id="ET">Ethiopia</wb:country>
    <wb:countryiso3code>ETH</wb:countryiso3code>
    <wb:date>2014</wb:date>
    <wb:value>30.7631637476</wb:value>
    <wb:unit />
    <wb:obs_status />
    <wb:decimal>2</wb:decimal>
  </wb:data>
  <wb:data>
    <wb:indicator id="ER.H2O.FWST.ZS">Level of water stress: freshwater withdrawal as a proportion of available freshwater resources</wb:indicator>
    <wb:country id="ET">Ethiopia</wb:country>
    <wb:countryiso3code>ETH</wb:countryiso3code>
    <wb:date>2013</wb:date>
    <wb:value>30.0161523492</wb:value>
    <wb:unit />
    <wb:obs_status />
    <wb:decimal>2</wb:decimal>
  </wb:data>
  <wb:data>
    <wb:indicator id="ER.H2O.FWST.ZS">Level of water stress: freshwater withdrawal as a proportion of available freshwater resources</wb:indicator>
    <wb:country id="ET">Ethiopia</wb:country>
    <wb:countryiso3code>ETH</wb:countryiso3code>
    <wb:date>2012</wb:date>
    <wb:value>29.2691409508</wb:value>
    <wb:unit />
    <wb:obs_status />
    <wb:decimal>2</wb:decimal>
  </wb:data>
  <wb:data>
    <wb:indicator id="ER.H2O.FWST.ZS">Level of water stress: freshwater withdrawal as a proportion of available freshwater resources</wb:indicator>
    <wb:country id="ET">Ethiopia</wb:country>
    <wb:countryiso3code>ETH</wb:countryiso3code>
    <wb:date>2011</wb:date>
    <wb:value>28.5221295524</wb:value>
    <wb:unit />
    <wb:obs_status />
    <wb:decimal>2</wb:decimal>
  </wb:data>
  <wb:data>
    <wb:indicator id="ER.H2O.FWST.ZS">Level of water stress: freshwater withdrawal as a proportion of available freshwater resources</wb:indicator>
    <wb:country id="ET">Ethiopia</wb:country>
    <wb:countryiso3code>ETH</wb:countryiso3code>
    <wb:date>2010</wb:date>
    <wb:value>27.775118154</wb:value>
    <wb:unit />
    <wb:obs_status />
    <wb:decimal>2</wb:decimal>
  </wb:data>
  <wb:data>
    <wb:indicator id="ER.H2O.FWST.ZS">Level of water stress: freshwater withdrawal as a proportion of available freshwater resources</wb:indicator>
    <wb:country id="ET">Ethiopia</wb:country>
    <wb:countryiso3code>ETH</wb:countryiso3code>
    <wb:date>2009</wb:date>
    <wb:value>27.0281067556</wb:value>
    <wb:unit />
    <wb:obs_status />
    <wb:decimal>2</wb:decimal>
  </wb:data>
  <wb:data>
    <wb:indicator id="ER.H2O.FWST.ZS">Level of water stress: freshwater withdrawal as a proportion of available freshwater resources</wb:indicator>
    <wb:country id="ET">Ethiopia</wb:country>
    <wb:countryiso3code>ETH</wb:countryiso3code>
    <wb:date>2008</wb:date>
    <wb:value>26.2826800111</wb:value>
    <wb:unit />
    <wb:obs_status />
    <wb:decimal>2</wb:decimal>
  </wb:data>
  <wb:data>
    <wb:indicator id="ER.H2O.FWST.ZS">Level of water stress: freshwater withdrawal as a proportion of available freshwater resources</wb:indicator>
    <wb:country id="ET">Ethiopia</wb:country>
    <wb:countryiso3code>ETH</wb:countryiso3code>
    <wb:date>2007</wb:date>
    <wb:value>25.5351403948</wb:value>
    <wb:unit />
    <wb:obs_status />
    <wb:decimal>2</wb:decimal>
  </wb:data>
  <wb:data>
    <wb:indicator id="ER.H2O.FWST.ZS">Level of water stress: freshwater withdrawal as a proportion of available freshwater resources</wb:indicator>
    <wb:country id="ET">Ethiopia</wb:country>
    <wb:countryiso3code>ETH</wb:countryiso3code>
    <wb:date>2006</wb:date>
    <wb:value>24.7870725605</wb:value>
    <wb:unit />
    <wb:obs_status />
    <wb:decimal>2</wb:decimal>
  </wb:data>
  <wb:data>
    <wb:indicator id="ER.H2O.FWST.ZS">Level of water stress: freshwater withdrawal as a proportion of available freshwater resources</wb:indicator>
    <wb:country id="ET">Ethiopia</wb:country>
    <wb:countryiso3code>ETH</wb:countryiso3code>
    <wb:date>2005</wb:date>
    <wb:value>24.0400611621</wb:value>
    <wb:unit />
    <wb:obs_status />
    <wb:decimal>2</wb:decimal>
  </wb:data>
  <wb:data>
    <wb:indicator id="ER.H2O.FWST.ZS">Level of water stress: freshwater withdrawal as a proportion of available freshwater resources</wb:indicator>
    <wb:country id="ET">Ethiopia</wb:country>
    <wb:countryiso3code>ETH</wb:countryiso3code>
    <wb:date>2004</wb:date>
    <wb:value>21.6923547401</wb:value>
    <wb:unit />
    <wb:obs_status />
    <wb:decimal>2</wb:decimal>
  </wb:data>
  <wb:data>
    <wb:indicator id="ER.H2O.FWST.ZS">Level of water stress: freshwater withdrawal as a proportion of available freshwater resources</wb:indicator>
    <wb:country id="ET">Ethiopia</wb:country>
    <wb:countryiso3code>ETH</wb:countryiso3code>
    <wb:date>2003</wb:date>
    <wb:value>19.344648318</wb:value>
    <wb:unit />
    <wb:obs_status />
    <wb:decimal>2</wb:decimal>
  </wb:data>
  <wb:data>
    <wb:indicator id="ER.H2O.FWST.ZS">Level of water stress: freshwater withdrawal as a proportion of available freshwater resources</wb:indicator>
    <wb:country id="ET">Ethiopia</wb:country>
    <wb:countryiso3code>ETH</wb:countryiso3code>
    <wb:date>2002</wb:date>
    <wb:value>16.996941896</wb:value>
    <wb:unit />
    <wb:obs_status />
    <wb:decimal>2</wb:decimal>
  </wb:data>
  <wb:data>
    <wb:indicator id="ER.H2O.FWST.ZS">Level of water stress: freshwater withdrawal as a proportion of available freshwater resources</wb:indicator>
    <wb:country id="ET">Ethiopia</wb:country>
    <wb:countryiso3code>ETH</wb:countryiso3code>
    <wb:date>2001</wb:date>
    <wb:value />
    <wb:unit />
    <wb:obs_status />
    <wb:decimal>2</wb:decimal>
  </wb:data>
  <wb:data>
    <wb:indicator id="ER.H2O.FWST.ZS">Level of water stress: freshwater withdrawal as a proportion of available freshwater resources</wb:indicator>
    <wb:country id="ET">Ethiopia</wb:country>
    <wb:countryiso3code>ETH</wb:countryiso3code>
    <wb:date>2000</wb:date>
    <wb:value />
    <wb:unit />
    <wb:obs_status />
    <wb:decimal>2</wb:decimal>
  </wb:data>
  <wb:data>
    <wb:indicator id="ER.H2O.FWST.ZS">Level of water stress: freshwater withdrawal as a proportion of available freshwater resources</wb:indicator>
    <wb:country id="ET">Ethiopia</wb:country>
    <wb:countryiso3code>ETH</wb:countryiso3code>
    <wb:date>1999</wb:date>
    <wb:value />
    <wb:unit />
    <wb:obs_status />
    <wb:decimal>2</wb:decimal>
  </wb:data>
  <wb:data>
    <wb:indicator id="ER.H2O.FWST.ZS">Level of water stress: freshwater withdrawal as a proportion of available freshwater resources</wb:indicator>
    <wb:country id="ET">Ethiopia</wb:country>
    <wb:countryiso3code>ETH</wb:countryiso3code>
    <wb:date>1998</wb:date>
    <wb:value />
    <wb:unit />
    <wb:obs_status />
    <wb:decimal>2</wb:decimal>
  </wb:data>
  <wb:data>
    <wb:indicator id="ER.H2O.FWST.ZS">Level of water stress: freshwater withdrawal as a proportion of available freshwater resources</wb:indicator>
    <wb:country id="ET">Ethiopia</wb:country>
    <wb:countryiso3code>ETH</wb:countryiso3code>
    <wb:date>1997</wb:date>
    <wb:value />
    <wb:unit />
    <wb:obs_status />
    <wb:decimal>2</wb:decimal>
  </wb:data>
  <wb:data>
    <wb:indicator id="ER.H2O.FWST.ZS">Level of water stress: freshwater withdrawal as a proportion of available freshwater resources</wb:indicator>
    <wb:country id="ET">Ethiopia</wb:country>
    <wb:countryiso3code>ETH</wb:countryiso3code>
    <wb:date>1996</wb:date>
    <wb:value />
    <wb:unit />
    <wb:obs_status />
    <wb:decimal>2</wb:decimal>
  </wb:data>
  <wb:data>
    <wb:indicator id="ER.H2O.FWST.ZS">Level of water stress: freshwater withdrawal as a proportion of available freshwater resources</wb:indicator>
    <wb:country id="ET">Ethiopia</wb:country>
    <wb:countryiso3code>ETH</wb:countryiso3code>
    <wb:date>1995</wb:date>
    <wb:value />
    <wb:unit />
    <wb:obs_status />
    <wb:decimal>2</wb:decimal>
  </wb:data>
  <wb:data>
    <wb:indicator id="ER.H2O.FWST.ZS">Level of water stress: freshwater withdrawal as a proportion of available freshwater resources</wb:indicator>
    <wb:country id="ET">Ethiopia</wb:country>
    <wb:countryiso3code>ETH</wb:countryiso3code>
    <wb:date>1994</wb:date>
    <wb:value />
    <wb:unit />
    <wb:obs_status />
    <wb:decimal>2</wb:decimal>
  </wb:data>
  <wb:data>
    <wb:indicator id="ER.H2O.FWST.ZS">Level of water stress: freshwater withdrawal as a proportion of available freshwater resources</wb:indicator>
    <wb:country id="ET">Ethiopia</wb:country>
    <wb:countryiso3code>ETH</wb:countryiso3code>
    <wb:date>1993</wb:date>
    <wb:value />
    <wb:unit />
    <wb:obs_status />
    <wb:decimal>2</wb:decimal>
  </wb:data>
  <wb:data>
    <wb:indicator id="ER.H2O.FWST.ZS">Level of water stress: freshwater withdrawal as a proportion of available freshwater resources</wb:indicator>
    <wb:country id="ET">Ethiopia</wb:country>
    <wb:countryiso3code>ETH</wb:countryiso3code>
    <wb:date>1992</wb:date>
    <wb:value />
    <wb:unit />
    <wb:obs_status />
    <wb:decimal>2</wb:decimal>
  </wb:data>
  <wb:data>
    <wb:indicator id="ER.H2O.FWST.ZS">Level of water stress: freshwater withdrawal as a proportion of available freshwater resources</wb:indicator>
    <wb:country id="ET">Ethiopia</wb:country>
    <wb:countryiso3code>ETH</wb:countryiso3code>
    <wb:date>1991</wb:date>
    <wb:value />
    <wb:unit />
    <wb:obs_status />
    <wb:decimal>2</wb:decimal>
  </wb:data>
  <wb:data>
    <wb:indicator id="ER.H2O.FWST.ZS">Level of water stress: freshwater withdrawal as a proportion of available freshwater resources</wb:indicator>
    <wb:country id="ET">Ethiopia</wb:country>
    <wb:countryiso3code>ETH</wb:countryiso3code>
    <wb:date>1990</wb:date>
    <wb:value />
    <wb:unit />
    <wb:obs_status />
    <wb:decimal>2</wb:decimal>
  </wb:data>
  <wb:data>
    <wb:indicator id="ER.H2O.FWST.ZS">Level of water stress: freshwater withdrawal as a proportion of available freshwater resources</wb:indicator>
    <wb:country id="ET">Ethiopia</wb:country>
    <wb:countryiso3code>ETH</wb:countryiso3code>
    <wb:date>1989</wb:date>
    <wb:value />
    <wb:unit />
    <wb:obs_status />
    <wb:decimal>2</wb:decimal>
  </wb:data>
  <wb:data>
    <wb:indicator id="ER.H2O.FWST.ZS">Level of water stress: freshwater withdrawal as a proportion of available freshwater resources</wb:indicator>
    <wb:country id="ET">Ethiopia</wb:country>
    <wb:countryiso3code>ETH</wb:countryiso3code>
    <wb:date>1988</wb:date>
    <wb:value />
    <wb:unit />
    <wb:obs_status />
    <wb:decimal>2</wb:decimal>
  </wb:data>
  <wb:data>
    <wb:indicator id="ER.H2O.FWST.ZS">Level of water stress: freshwater withdrawal as a proportion of available freshwater resources</wb:indicator>
    <wb:country id="ET">Ethiopia</wb:country>
    <wb:countryiso3code>ETH</wb:countryiso3code>
    <wb:date>1987</wb:date>
    <wb:value />
    <wb:unit />
    <wb:obs_status />
    <wb:decimal>2</wb:decimal>
  </wb:data>
  <wb:data>
    <wb:indicator id="ER.H2O.FWST.ZS">Level of water stress: freshwater withdrawal as a proportion of available freshwater resources</wb:indicator>
    <wb:country id="ET">Ethiopia</wb:country>
    <wb:countryiso3code>ETH</wb:countryiso3code>
    <wb:date>1986</wb:date>
    <wb:value />
    <wb:unit />
    <wb:obs_status />
    <wb:decimal>2</wb:decimal>
  </wb:data>
  <wb:data>
    <wb:indicator id="ER.H2O.FWST.ZS">Level of water stress: freshwater withdrawal as a proportion of available freshwater resources</wb:indicator>
    <wb:country id="ET">Ethiopia</wb:country>
    <wb:countryiso3code>ETH</wb:countryiso3code>
    <wb:date>1985</wb:date>
    <wb:value />
    <wb:unit />
    <wb:obs_status />
    <wb:decimal>2</wb:decimal>
  </wb:data>
  <wb:data>
    <wb:indicator id="ER.H2O.FWST.ZS">Level of water stress: freshwater withdrawal as a proportion of available freshwater resources</wb:indicator>
    <wb:country id="ET">Ethiopia</wb:country>
    <wb:countryiso3code>ETH</wb:countryiso3code>
    <wb:date>1984</wb:date>
    <wb:value />
    <wb:unit />
    <wb:obs_status />
    <wb:decimal>2</wb:decimal>
  </wb:data>
  <wb:data>
    <wb:indicator id="ER.H2O.FWST.ZS">Level of water stress: freshwater withdrawal as a proportion of available freshwater resources</wb:indicator>
    <wb:country id="ET">Ethiopia</wb:country>
    <wb:countryiso3code>ETH</wb:countryiso3code>
    <wb:date>1983</wb:date>
    <wb:value />
    <wb:unit />
    <wb:obs_status />
    <wb:decimal>2</wb:decimal>
  </wb:data>
  <wb:data>
    <wb:indicator id="ER.H2O.FWST.ZS">Level of water stress: freshwater withdrawal as a proportion of available freshwater resources</wb:indicator>
    <wb:country id="ET">Ethiopia</wb:country>
    <wb:countryiso3code>ETH</wb:countryiso3code>
    <wb:date>1982</wb:date>
    <wb:value />
    <wb:unit />
    <wb:obs_status />
    <wb:decimal>2</wb:decimal>
  </wb:data>
  <wb:data>
    <wb:indicator id="ER.H2O.FWST.ZS">Level of water stress: freshwater withdrawal as a proportion of available freshwater resources</wb:indicator>
    <wb:country id="ET">Ethiopia</wb:country>
    <wb:countryiso3code>ETH</wb:countryiso3code>
    <wb:date>1981</wb:date>
    <wb:value />
    <wb:unit />
    <wb:obs_status />
    <wb:decimal>2</wb:decimal>
  </wb:data>
  <wb:data>
    <wb:indicator id="ER.H2O.FWST.ZS">Level of water stress: freshwater withdrawal as a proportion of available freshwater resources</wb:indicator>
    <wb:country id="ET">Ethiopia</wb:country>
    <wb:countryiso3code>ETH</wb:countryiso3code>
    <wb:date>1980</wb:date>
    <wb:value />
    <wb:unit />
    <wb:obs_status />
    <wb:decimal>2</wb:decimal>
  </wb:data>
  <wb:data>
    <wb:indicator id="ER.H2O.FWST.ZS">Level of water stress: freshwater withdrawal as a proportion of available freshwater resources</wb:indicator>
    <wb:country id="ET">Ethiopia</wb:country>
    <wb:countryiso3code>ETH</wb:countryiso3code>
    <wb:date>1979</wb:date>
    <wb:value />
    <wb:unit />
    <wb:obs_status />
    <wb:decimal>2</wb:decimal>
  </wb:data>
  <wb:data>
    <wb:indicator id="ER.H2O.FWST.ZS">Level of water stress: freshwater withdrawal as a proportion of available freshwater resources</wb:indicator>
    <wb:country id="ET">Ethiopia</wb:country>
    <wb:countryiso3code>ETH</wb:countryiso3code>
    <wb:date>1978</wb:date>
    <wb:value />
    <wb:unit />
    <wb:obs_status />
    <wb:decimal>2</wb:decimal>
  </wb:data>
  <wb:data>
    <wb:indicator id="ER.H2O.FWST.ZS">Level of water stress: freshwater withdrawal as a proportion of available freshwater resources</wb:indicator>
    <wb:country id="ET">Ethiopia</wb:country>
    <wb:countryiso3code>ETH</wb:countryiso3code>
    <wb:date>1977</wb:date>
    <wb:value />
    <wb:unit />
    <wb:obs_status />
    <wb:decimal>2</wb:decimal>
  </wb:data>
  <wb:data>
    <wb:indicator id="ER.H2O.FWST.ZS">Level of water stress: freshwater withdrawal as a proportion of available freshwater resources</wb:indicator>
    <wb:country id="ET">Ethiopia</wb:country>
    <wb:countryiso3code>ETH</wb:countryiso3code>
    <wb:date>1976</wb:date>
    <wb:value />
    <wb:unit />
    <wb:obs_status />
    <wb:decimal>2</wb:decimal>
  </wb:data>
  <wb:data>
    <wb:indicator id="ER.H2O.FWST.ZS">Level of water stress: freshwater withdrawal as a proportion of available freshwater resources</wb:indicator>
    <wb:country id="ET">Ethiopia</wb:country>
    <wb:countryiso3code>ETH</wb:countryiso3code>
    <wb:date>1975</wb:date>
    <wb:value />
    <wb:unit />
    <wb:obs_status />
    <wb:decimal>2</wb:decimal>
  </wb:data>
  <wb:data>
    <wb:indicator id="ER.H2O.FWST.ZS">Level of water stress: freshwater withdrawal as a proportion of available freshwater resources</wb:indicator>
    <wb:country id="ET">Ethiopia</wb:country>
    <wb:countryiso3code>ETH</wb:countryiso3code>
    <wb:date>1974</wb:date>
    <wb:value />
    <wb:unit />
    <wb:obs_status />
    <wb:decimal>2</wb:decimal>
  </wb:data>
  <wb:data>
    <wb:indicator id="ER.H2O.FWST.ZS">Level of water stress: freshwater withdrawal as a proportion of available freshwater resources</wb:indicator>
    <wb:country id="ET">Ethiopia</wb:country>
    <wb:countryiso3code>ETH</wb:countryiso3code>
    <wb:date>1973</wb:date>
    <wb:value />
    <wb:unit />
    <wb:obs_status />
    <wb:decimal>2</wb:decimal>
  </wb:data>
</wb:data>