<?xml version="1.0" encoding="utf-8"?>
<wb:data page="1" pages="2" per_page="50" total="63" sourceid="2" lastupdated="2023-07-25" xmlns:wb="http://www.worldbank.org">
  <wb:data>
    <wb:indicator id="ER.GDP.FWTL.M3.KD">Water productivity, total (constant 2015 US$ GDP per cubic meter of total freshwater withdrawal)</wb:indicator>
    <wb:country id="ET">Ethiopia</wb:country>
    <wb:countryiso3code>ETH</wb:countryiso3code>
    <wb:date>2022</wb:date>
    <wb:value />
    <wb:unit />
    <wb:obs_status />
    <wb:decimal>0</wb:decimal>
  </wb:data>
  <wb:data>
    <wb:indicator id="ER.GDP.FWTL.M3.KD">Water productivity, total (constant 2015 US$ GDP per cubic meter of total freshwater withdrawal)</wb:indicator>
    <wb:country id="ET">Ethiopia</wb:country>
    <wb:countryiso3code>ETH</wb:countryiso3code>
    <wb:date>2021</wb:date>
    <wb:value />
    <wb:unit />
    <wb:obs_status />
    <wb:decimal>0</wb:decimal>
  </wb:data>
  <wb:data>
    <wb:indicator id="ER.GDP.FWTL.M3.KD">Water productivity, total (constant 2015 US$ GDP per cubic meter of total freshwater withdrawal)</wb:indicator>
    <wb:country id="ET">Ethiopia</wb:country>
    <wb:countryiso3code>ETH</wb:countryiso3code>
    <wb:date>2020</wb:date>
    <wb:value>9.01316606257346</wb:value>
    <wb:unit />
    <wb:obs_status />
    <wb:decimal>0</wb:decimal>
  </wb:data>
  <wb:data>
    <wb:indicator id="ER.GDP.FWTL.M3.KD">Water productivity, total (constant 2015 US$ GDP per cubic meter of total freshwater withdrawal)</wb:indicator>
    <wb:country id="ET">Ethiopia</wb:country>
    <wb:countryiso3code>ETH</wb:countryiso3code>
    <wb:date>2019</wb:date>
    <wb:value>8.49821415128129</wb:value>
    <wb:unit />
    <wb:obs_status />
    <wb:decimal>0</wb:decimal>
  </wb:data>
  <wb:data>
    <wb:indicator id="ER.GDP.FWTL.M3.KD">Water productivity, total (constant 2015 US$ GDP per cubic meter of total freshwater withdrawal)</wb:indicator>
    <wb:country id="ET">Ethiopia</wb:country>
    <wb:countryiso3code>ETH</wb:countryiso3code>
    <wb:date>2018</wb:date>
    <wb:value>7.84227919836869</wb:value>
    <wb:unit />
    <wb:obs_status />
    <wb:decimal>0</wb:decimal>
  </wb:data>
  <wb:data>
    <wb:indicator id="ER.GDP.FWTL.M3.KD">Water productivity, total (constant 2015 US$ GDP per cubic meter of total freshwater withdrawal)</wb:indicator>
    <wb:country id="ET">Ethiopia</wb:country>
    <wb:countryiso3code>ETH</wb:countryiso3code>
    <wb:date>2017</wb:date>
    <wb:value>7.34184798845777</wb:value>
    <wb:unit />
    <wb:obs_status />
    <wb:decimal>0</wb:decimal>
  </wb:data>
  <wb:data>
    <wb:indicator id="ER.GDP.FWTL.M3.KD">Water productivity, total (constant 2015 US$ GDP per cubic meter of total freshwater withdrawal)</wb:indicator>
    <wb:country id="ET">Ethiopia</wb:country>
    <wb:countryiso3code>ETH</wb:countryiso3code>
    <wb:date>2016</wb:date>
    <wb:value>6.69974905471499</wb:value>
    <wb:unit />
    <wb:obs_status />
    <wb:decimal>0</wb:decimal>
  </wb:data>
  <wb:data>
    <wb:indicator id="ER.GDP.FWTL.M3.KD">Water productivity, total (constant 2015 US$ GDP per cubic meter of total freshwater withdrawal)</wb:indicator>
    <wb:country id="ET">Ethiopia</wb:country>
    <wb:countryiso3code>ETH</wb:countryiso3code>
    <wb:date>2015</wb:date>
    <wb:value>6.2684794334454</wb:value>
    <wb:unit />
    <wb:obs_status />
    <wb:decimal>0</wb:decimal>
  </wb:data>
  <wb:data>
    <wb:indicator id="ER.GDP.FWTL.M3.KD">Water productivity, total (constant 2015 US$ GDP per cubic meter of total freshwater withdrawal)</wb:indicator>
    <wb:country id="ET">Ethiopia</wb:country>
    <wb:countryiso3code>ETH</wb:countryiso3code>
    <wb:date>2014</wb:date>
    <wb:value>5.81624379316507</wb:value>
    <wb:unit />
    <wb:obs_status />
    <wb:decimal>0</wb:decimal>
  </wb:data>
  <wb:data>
    <wb:indicator id="ER.GDP.FWTL.M3.KD">Water productivity, total (constant 2015 US$ GDP per cubic meter of total freshwater withdrawal)</wb:indicator>
    <wb:country id="ET">Ethiopia</wb:country>
    <wb:countryiso3code>ETH</wb:countryiso3code>
    <wb:date>2013</wb:date>
    <wb:value>5.40642851474</wb:value>
    <wb:unit />
    <wb:obs_status />
    <wb:decimal>0</wb:decimal>
  </wb:data>
  <wb:data>
    <wb:indicator id="ER.GDP.FWTL.M3.KD">Water productivity, total (constant 2015 US$ GDP per cubic meter of total freshwater withdrawal)</wb:indicator>
    <wb:country id="ET">Ethiopia</wb:country>
    <wb:countryiso3code>ETH</wb:countryiso3code>
    <wb:date>2012</wb:date>
    <wb:value>5.01383466852242</wb:value>
    <wb:unit />
    <wb:obs_status />
    <wb:decimal>0</wb:decimal>
  </wb:data>
  <wb:data>
    <wb:indicator id="ER.GDP.FWTL.M3.KD">Water productivity, total (constant 2015 US$ GDP per cubic meter of total freshwater withdrawal)</wb:indicator>
    <wb:country id="ET">Ethiopia</wb:country>
    <wb:countryiso3code>ETH</wb:countryiso3code>
    <wb:date>2011</wb:date>
    <wb:value>4.73562226321269</wb:value>
    <wb:unit />
    <wb:obs_status />
    <wb:decimal>0</wb:decimal>
  </wb:data>
  <wb:data>
    <wb:indicator id="ER.GDP.FWTL.M3.KD">Water productivity, total (constant 2015 US$ GDP per cubic meter of total freshwater withdrawal)</wb:indicator>
    <wb:country id="ET">Ethiopia</wb:country>
    <wb:countryiso3code>ETH</wb:countryiso3code>
    <wb:date>2010</wb:date>
    <wb:value>4.37404324407296</wb:value>
    <wb:unit />
    <wb:obs_status />
    <wb:decimal>0</wb:decimal>
  </wb:data>
  <wb:data>
    <wb:indicator id="ER.GDP.FWTL.M3.KD">Water productivity, total (constant 2015 US$ GDP per cubic meter of total freshwater withdrawal)</wb:indicator>
    <wb:country id="ET">Ethiopia</wb:country>
    <wb:countryiso3code>ETH</wb:countryiso3code>
    <wb:date>2009</wb:date>
    <wb:value>3.9937031901225</wb:value>
    <wb:unit />
    <wb:obs_status />
    <wb:decimal>0</wb:decimal>
  </wb:data>
  <wb:data>
    <wb:indicator id="ER.GDP.FWTL.M3.KD">Water productivity, total (constant 2015 US$ GDP per cubic meter of total freshwater withdrawal)</wb:indicator>
    <wb:country id="ET">Ethiopia</wb:country>
    <wb:countryiso3code>ETH</wb:countryiso3code>
    <wb:date>2008</wb:date>
    <wb:value>3.77470204539639</wb:value>
    <wb:unit />
    <wb:obs_status />
    <wb:decimal>0</wb:decimal>
  </wb:data>
  <wb:data>
    <wb:indicator id="ER.GDP.FWTL.M3.KD">Water productivity, total (constant 2015 US$ GDP per cubic meter of total freshwater withdrawal)</wb:indicator>
    <wb:country id="ET">Ethiopia</wb:country>
    <wb:countryiso3code>ETH</wb:countryiso3code>
    <wb:date>2007</wb:date>
    <wb:value>3.50686709179527</wb:value>
    <wb:unit />
    <wb:obs_status />
    <wb:decimal>0</wb:decimal>
  </wb:data>
  <wb:data>
    <wb:indicator id="ER.GDP.FWTL.M3.KD">Water productivity, total (constant 2015 US$ GDP per cubic meter of total freshwater withdrawal)</wb:indicator>
    <wb:country id="ET">Ethiopia</wb:country>
    <wb:countryiso3code>ETH</wb:countryiso3code>
    <wb:date>2006</wb:date>
    <wb:value>3.24136706543655</wb:value>
    <wb:unit />
    <wb:obs_status />
    <wb:decimal>0</wb:decimal>
  </wb:data>
  <wb:data>
    <wb:indicator id="ER.GDP.FWTL.M3.KD">Water productivity, total (constant 2015 US$ GDP per cubic meter of total freshwater withdrawal)</wb:indicator>
    <wb:country id="ET">Ethiopia</wb:country>
    <wb:countryiso3code>ETH</wb:countryiso3code>
    <wb:date>2005</wb:date>
    <wb:value>3.01537985278869</wb:value>
    <wb:unit />
    <wb:obs_status />
    <wb:decimal>0</wb:decimal>
  </wb:data>
  <wb:data>
    <wb:indicator id="ER.GDP.FWTL.M3.KD">Water productivity, total (constant 2015 US$ GDP per cubic meter of total freshwater withdrawal)</wb:indicator>
    <wb:country id="ET">Ethiopia</wb:country>
    <wb:countryiso3code>ETH</wb:countryiso3code>
    <wb:date>2004</wb:date>
    <wb:value>2.98852025803674</wb:value>
    <wb:unit />
    <wb:obs_status />
    <wb:decimal>0</wb:decimal>
  </wb:data>
  <wb:data>
    <wb:indicator id="ER.GDP.FWTL.M3.KD">Water productivity, total (constant 2015 US$ GDP per cubic meter of total freshwater withdrawal)</wb:indicator>
    <wb:country id="ET">Ethiopia</wb:country>
    <wb:countryiso3code>ETH</wb:countryiso3code>
    <wb:date>2003</wb:date>
    <wb:value>2.9507232804412</wb:value>
    <wb:unit />
    <wb:obs_status />
    <wb:decimal>0</wb:decimal>
  </wb:data>
  <wb:data>
    <wb:indicator id="ER.GDP.FWTL.M3.KD">Water productivity, total (constant 2015 US$ GDP per cubic meter of total freshwater withdrawal)</wb:indicator>
    <wb:country id="ET">Ethiopia</wb:country>
    <wb:countryiso3code>ETH</wb:countryiso3code>
    <wb:date>2002</wb:date>
    <wb:value>3.43248085585877</wb:value>
    <wb:unit />
    <wb:obs_status />
    <wb:decimal>0</wb:decimal>
  </wb:data>
  <wb:data>
    <wb:indicator id="ER.GDP.FWTL.M3.KD">Water productivity, total (constant 2015 US$ GDP per cubic meter of total freshwater withdrawal)</wb:indicator>
    <wb:country id="ET">Ethiopia</wb:country>
    <wb:countryiso3code>ETH</wb:countryiso3code>
    <wb:date>2001</wb:date>
    <wb:value />
    <wb:unit />
    <wb:obs_status />
    <wb:decimal>0</wb:decimal>
  </wb:data>
  <wb:data>
    <wb:indicator id="ER.GDP.FWTL.M3.KD">Water productivity, total (constant 2015 US$ GDP per cubic meter of total freshwater withdrawal)</wb:indicator>
    <wb:country id="ET">Ethiopia</wb:country>
    <wb:countryiso3code>ETH</wb:countryiso3code>
    <wb:date>2000</wb:date>
    <wb:value />
    <wb:unit />
    <wb:obs_status />
    <wb:decimal>0</wb:decimal>
  </wb:data>
  <wb:data>
    <wb:indicator id="ER.GDP.FWTL.M3.KD">Water productivity, total (constant 2015 US$ GDP per cubic meter of total freshwater withdrawal)</wb:indicator>
    <wb:country id="ET">Ethiopia</wb:country>
    <wb:countryiso3code>ETH</wb:countryiso3code>
    <wb:date>1999</wb:date>
    <wb:value />
    <wb:unit />
    <wb:obs_status />
    <wb:decimal>0</wb:decimal>
  </wb:data>
  <wb:data>
    <wb:indicator id="ER.GDP.FWTL.M3.KD">Water productivity, total (constant 2015 US$ GDP per cubic meter of total freshwater withdrawal)</wb:indicator>
    <wb:country id="ET">Ethiopia</wb:country>
    <wb:countryiso3code>ETH</wb:countryiso3code>
    <wb:date>1998</wb:date>
    <wb:value />
    <wb:unit />
    <wb:obs_status />
    <wb:decimal>0</wb:decimal>
  </wb:data>
  <wb:data>
    <wb:indicator id="ER.GDP.FWTL.M3.KD">Water productivity, total (constant 2015 US$ GDP per cubic meter of total freshwater withdrawal)</wb:indicator>
    <wb:country id="ET">Ethiopia</wb:country>
    <wb:countryiso3code>ETH</wb:countryiso3code>
    <wb:date>1997</wb:date>
    <wb:value />
    <wb:unit />
    <wb:obs_status />
    <wb:decimal>0</wb:decimal>
  </wb:data>
  <wb:data>
    <wb:indicator id="ER.GDP.FWTL.M3.KD">Water productivity, total (constant 2015 US$ GDP per cubic meter of total freshwater withdrawal)</wb:indicator>
    <wb:country id="ET">Ethiopia</wb:country>
    <wb:countryiso3code>ETH</wb:countryiso3code>
    <wb:date>1996</wb:date>
    <wb:value />
    <wb:unit />
    <wb:obs_status />
    <wb:decimal>0</wb:decimal>
  </wb:data>
  <wb:data>
    <wb:indicator id="ER.GDP.FWTL.M3.KD">Water productivity, total (constant 2015 US$ GDP per cubic meter of total freshwater withdrawal)</wb:indicator>
    <wb:country id="ET">Ethiopia</wb:country>
    <wb:countryiso3code>ETH</wb:countryiso3code>
    <wb:date>1995</wb:date>
    <wb:value />
    <wb:unit />
    <wb:obs_status />
    <wb:decimal>0</wb:decimal>
  </wb:data>
  <wb:data>
    <wb:indicator id="ER.GDP.FWTL.M3.KD">Water productivity, total (constant 2015 US$ GDP per cubic meter of total freshwater withdrawal)</wb:indicator>
    <wb:country id="ET">Ethiopia</wb:country>
    <wb:countryiso3code>ETH</wb:countryiso3code>
    <wb:date>1994</wb:date>
    <wb:value />
    <wb:unit />
    <wb:obs_status />
    <wb:decimal>0</wb:decimal>
  </wb:data>
  <wb:data>
    <wb:indicator id="ER.GDP.FWTL.M3.KD">Water productivity, total (constant 2015 US$ GDP per cubic meter of total freshwater withdrawal)</wb:indicator>
    <wb:country id="ET">Ethiopia</wb:country>
    <wb:countryiso3code>ETH</wb:countryiso3code>
    <wb:date>1993</wb:date>
    <wb:value />
    <wb:unit />
    <wb:obs_status />
    <wb:decimal>0</wb:decimal>
  </wb:data>
  <wb:data>
    <wb:indicator id="ER.GDP.FWTL.M3.KD">Water productivity, total (constant 2015 US$ GDP per cubic meter of total freshwater withdrawal)</wb:indicator>
    <wb:country id="ET">Ethiopia</wb:country>
    <wb:countryiso3code>ETH</wb:countryiso3code>
    <wb:date>1992</wb:date>
    <wb:value />
    <wb:unit />
    <wb:obs_status />
    <wb:decimal>0</wb:decimal>
  </wb:data>
  <wb:data>
    <wb:indicator id="ER.GDP.FWTL.M3.KD">Water productivity, total (constant 2015 US$ GDP per cubic meter of total freshwater withdrawal)</wb:indicator>
    <wb:country id="ET">Ethiopia</wb:country>
    <wb:countryiso3code>ETH</wb:countryiso3code>
    <wb:date>1991</wb:date>
    <wb:value />
    <wb:unit />
    <wb:obs_status />
    <wb:decimal>0</wb:decimal>
  </wb:data>
  <wb:data>
    <wb:indicator id="ER.GDP.FWTL.M3.KD">Water productivity, total (constant 2015 US$ GDP per cubic meter of total freshwater withdrawal)</wb:indicator>
    <wb:country id="ET">Ethiopia</wb:country>
    <wb:countryiso3code>ETH</wb:countryiso3code>
    <wb:date>1990</wb:date>
    <wb:value />
    <wb:unit />
    <wb:obs_status />
    <wb:decimal>0</wb:decimal>
  </wb:data>
  <wb:data>
    <wb:indicator id="ER.GDP.FWTL.M3.KD">Water productivity, total (constant 2015 US$ GDP per cubic meter of total freshwater withdrawal)</wb:indicator>
    <wb:country id="ET">Ethiopia</wb:country>
    <wb:countryiso3code>ETH</wb:countryiso3code>
    <wb:date>1989</wb:date>
    <wb:value />
    <wb:unit />
    <wb:obs_status />
    <wb:decimal>0</wb:decimal>
  </wb:data>
  <wb:data>
    <wb:indicator id="ER.GDP.FWTL.M3.KD">Water productivity, total (constant 2015 US$ GDP per cubic meter of total freshwater withdrawal)</wb:indicator>
    <wb:country id="ET">Ethiopia</wb:country>
    <wb:countryiso3code>ETH</wb:countryiso3code>
    <wb:date>1988</wb:date>
    <wb:value />
    <wb:unit />
    <wb:obs_status />
    <wb:decimal>0</wb:decimal>
  </wb:data>
  <wb:data>
    <wb:indicator id="ER.GDP.FWTL.M3.KD">Water productivity, total (constant 2015 US$ GDP per cubic meter of total freshwater withdrawal)</wb:indicator>
    <wb:country id="ET">Ethiopia</wb:country>
    <wb:countryiso3code>ETH</wb:countryiso3code>
    <wb:date>1987</wb:date>
    <wb:value />
    <wb:unit />
    <wb:obs_status />
    <wb:decimal>0</wb:decimal>
  </wb:data>
  <wb:data>
    <wb:indicator id="ER.GDP.FWTL.M3.KD">Water productivity, total (constant 2015 US$ GDP per cubic meter of total freshwater withdrawal)</wb:indicator>
    <wb:country id="ET">Ethiopia</wb:country>
    <wb:countryiso3code>ETH</wb:countryiso3code>
    <wb:date>1986</wb:date>
    <wb:value />
    <wb:unit />
    <wb:obs_status />
    <wb:decimal>0</wb:decimal>
  </wb:data>
  <wb:data>
    <wb:indicator id="ER.GDP.FWTL.M3.KD">Water productivity, total (constant 2015 US$ GDP per cubic meter of total freshwater withdrawal)</wb:indicator>
    <wb:country id="ET">Ethiopia</wb:country>
    <wb:countryiso3code>ETH</wb:countryiso3code>
    <wb:date>1985</wb:date>
    <wb:value />
    <wb:unit />
    <wb:obs_status />
    <wb:decimal>0</wb:decimal>
  </wb:data>
  <wb:data>
    <wb:indicator id="ER.GDP.FWTL.M3.KD">Water productivity, total (constant 2015 US$ GDP per cubic meter of total freshwater withdrawal)</wb:indicator>
    <wb:country id="ET">Ethiopia</wb:country>
    <wb:countryiso3code>ETH</wb:countryiso3code>
    <wb:date>1984</wb:date>
    <wb:value />
    <wb:unit />
    <wb:obs_status />
    <wb:decimal>0</wb:decimal>
  </wb:data>
  <wb:data>
    <wb:indicator id="ER.GDP.FWTL.M3.KD">Water productivity, total (constant 2015 US$ GDP per cubic meter of total freshwater withdrawal)</wb:indicator>
    <wb:country id="ET">Ethiopia</wb:country>
    <wb:countryiso3code>ETH</wb:countryiso3code>
    <wb:date>1983</wb:date>
    <wb:value />
    <wb:unit />
    <wb:obs_status />
    <wb:decimal>0</wb:decimal>
  </wb:data>
  <wb:data>
    <wb:indicator id="ER.GDP.FWTL.M3.KD">Water productivity, total (constant 2015 US$ GDP per cubic meter of total freshwater withdrawal)</wb:indicator>
    <wb:country id="ET">Ethiopia</wb:country>
    <wb:countryiso3code>ETH</wb:countryiso3code>
    <wb:date>1982</wb:date>
    <wb:value />
    <wb:unit />
    <wb:obs_status />
    <wb:decimal>0</wb:decimal>
  </wb:data>
  <wb:data>
    <wb:indicator id="ER.GDP.FWTL.M3.KD">Water productivity, total (constant 2015 US$ GDP per cubic meter of total freshwater withdrawal)</wb:indicator>
    <wb:country id="ET">Ethiopia</wb:country>
    <wb:countryiso3code>ETH</wb:countryiso3code>
    <wb:date>1981</wb:date>
    <wb:value />
    <wb:unit />
    <wb:obs_status />
    <wb:decimal>0</wb:decimal>
  </wb:data>
  <wb:data>
    <wb:indicator id="ER.GDP.FWTL.M3.KD">Water productivity, total (constant 2015 US$ GDP per cubic meter of total freshwater withdrawal)</wb:indicator>
    <wb:country id="ET">Ethiopia</wb:country>
    <wb:countryiso3code>ETH</wb:countryiso3code>
    <wb:date>1980</wb:date>
    <wb:value />
    <wb:unit />
    <wb:obs_status />
    <wb:decimal>0</wb:decimal>
  </wb:data>
  <wb:data>
    <wb:indicator id="ER.GDP.FWTL.M3.KD">Water productivity, total (constant 2015 US$ GDP per cubic meter of total freshwater withdrawal)</wb:indicator>
    <wb:country id="ET">Ethiopia</wb:country>
    <wb:countryiso3code>ETH</wb:countryiso3code>
    <wb:date>1979</wb:date>
    <wb:value />
    <wb:unit />
    <wb:obs_status />
    <wb:decimal>0</wb:decimal>
  </wb:data>
  <wb:data>
    <wb:indicator id="ER.GDP.FWTL.M3.KD">Water productivity, total (constant 2015 US$ GDP per cubic meter of total freshwater withdrawal)</wb:indicator>
    <wb:country id="ET">Ethiopia</wb:country>
    <wb:countryiso3code>ETH</wb:countryiso3code>
    <wb:date>1978</wb:date>
    <wb:value />
    <wb:unit />
    <wb:obs_status />
    <wb:decimal>0</wb:decimal>
  </wb:data>
  <wb:data>
    <wb:indicator id="ER.GDP.FWTL.M3.KD">Water productivity, total (constant 2015 US$ GDP per cubic meter of total freshwater withdrawal)</wb:indicator>
    <wb:country id="ET">Ethiopia</wb:country>
    <wb:countryiso3code>ETH</wb:countryiso3code>
    <wb:date>1977</wb:date>
    <wb:value />
    <wb:unit />
    <wb:obs_status />
    <wb:decimal>0</wb:decimal>
  </wb:data>
  <wb:data>
    <wb:indicator id="ER.GDP.FWTL.M3.KD">Water productivity, total (constant 2015 US$ GDP per cubic meter of total freshwater withdrawal)</wb:indicator>
    <wb:country id="ET">Ethiopia</wb:country>
    <wb:countryiso3code>ETH</wb:countryiso3code>
    <wb:date>1976</wb:date>
    <wb:value />
    <wb:unit />
    <wb:obs_status />
    <wb:decimal>0</wb:decimal>
  </wb:data>
  <wb:data>
    <wb:indicator id="ER.GDP.FWTL.M3.KD">Water productivity, total (constant 2015 US$ GDP per cubic meter of total freshwater withdrawal)</wb:indicator>
    <wb:country id="ET">Ethiopia</wb:country>
    <wb:countryiso3code>ETH</wb:countryiso3code>
    <wb:date>1975</wb:date>
    <wb:value />
    <wb:unit />
    <wb:obs_status />
    <wb:decimal>0</wb:decimal>
  </wb:data>
  <wb:data>
    <wb:indicator id="ER.GDP.FWTL.M3.KD">Water productivity, total (constant 2015 US$ GDP per cubic meter of total freshwater withdrawal)</wb:indicator>
    <wb:country id="ET">Ethiopia</wb:country>
    <wb:countryiso3code>ETH</wb:countryiso3code>
    <wb:date>1974</wb:date>
    <wb:value />
    <wb:unit />
    <wb:obs_status />
    <wb:decimal>0</wb:decimal>
  </wb:data>
  <wb:data>
    <wb:indicator id="ER.GDP.FWTL.M3.KD">Water productivity, total (constant 2015 US$ GDP per cubic meter of total freshwater withdrawal)</wb:indicator>
    <wb:country id="ET">Ethiopia</wb:country>
    <wb:countryiso3code>ETH</wb:countryiso3code>
    <wb:date>1973</wb:date>
    <wb:value />
    <wb:unit />
    <wb:obs_status />
    <wb:decimal>0</wb:decimal>
  </wb:data>
</wb:data>