<?xml version="1.0" encoding="utf-8"?>
<wb:data page="1" pages="2" per_page="50" total="63" sourceid="2" lastupdated="2023-07-25" xmlns:wb="http://www.worldbank.org">
  <wb:data>
    <wb:indicator id="GC.XPN.TRFT.ZS">Subsidies and other transfers (% of expense)</wb:indicator>
    <wb:country id="ET">Ethiopia</wb:country>
    <wb:countryiso3code>ETH</wb:countryiso3code>
    <wb:date>2022</wb:date>
    <wb:value />
    <wb:unit />
    <wb:obs_status />
    <wb:decimal>1</wb:decimal>
  </wb:data>
  <wb:data>
    <wb:indicator id="GC.XPN.TRFT.ZS">Subsidies and other transfers (% of expense)</wb:indicator>
    <wb:country id="ET">Ethiopia</wb:country>
    <wb:countryiso3code>ETH</wb:countryiso3code>
    <wb:date>2021</wb:date>
    <wb:value />
    <wb:unit />
    <wb:obs_status />
    <wb:decimal>1</wb:decimal>
  </wb:data>
  <wb:data>
    <wb:indicator id="GC.XPN.TRFT.ZS">Subsidies and other transfers (% of expense)</wb:indicator>
    <wb:country id="ET">Ethiopia</wb:country>
    <wb:countryiso3code>ETH</wb:countryiso3code>
    <wb:date>2020</wb:date>
    <wb:value>53.373182856021</wb:value>
    <wb:unit />
    <wb:obs_status />
    <wb:decimal>1</wb:decimal>
  </wb:data>
  <wb:data>
    <wb:indicator id="GC.XPN.TRFT.ZS">Subsidies and other transfers (% of expense)</wb:indicator>
    <wb:country id="ET">Ethiopia</wb:country>
    <wb:countryiso3code>ETH</wb:countryiso3code>
    <wb:date>2019</wb:date>
    <wb:value>52.4462729611136</wb:value>
    <wb:unit />
    <wb:obs_status />
    <wb:decimal>1</wb:decimal>
  </wb:data>
  <wb:data>
    <wb:indicator id="GC.XPN.TRFT.ZS">Subsidies and other transfers (% of expense)</wb:indicator>
    <wb:country id="ET">Ethiopia</wb:country>
    <wb:countryiso3code>ETH</wb:countryiso3code>
    <wb:date>2018</wb:date>
    <wb:value>52.7004081673093</wb:value>
    <wb:unit />
    <wb:obs_status />
    <wb:decimal>1</wb:decimal>
  </wb:data>
  <wb:data>
    <wb:indicator id="GC.XPN.TRFT.ZS">Subsidies and other transfers (% of expense)</wb:indicator>
    <wb:country id="ET">Ethiopia</wb:country>
    <wb:countryiso3code>ETH</wb:countryiso3code>
    <wb:date>2017</wb:date>
    <wb:value>52.5795151753014</wb:value>
    <wb:unit />
    <wb:obs_status />
    <wb:decimal>1</wb:decimal>
  </wb:data>
  <wb:data>
    <wb:indicator id="GC.XPN.TRFT.ZS">Subsidies and other transfers (% of expense)</wb:indicator>
    <wb:country id="ET">Ethiopia</wb:country>
    <wb:countryiso3code>ETH</wb:countryiso3code>
    <wb:date>2016</wb:date>
    <wb:value>53.8735942517378</wb:value>
    <wb:unit />
    <wb:obs_status />
    <wb:decimal>1</wb:decimal>
  </wb:data>
  <wb:data>
    <wb:indicator id="GC.XPN.TRFT.ZS">Subsidies and other transfers (% of expense)</wb:indicator>
    <wb:country id="ET">Ethiopia</wb:country>
    <wb:countryiso3code>ETH</wb:countryiso3code>
    <wb:date>2015</wb:date>
    <wb:value>57.4141627864766</wb:value>
    <wb:unit />
    <wb:obs_status />
    <wb:decimal>1</wb:decimal>
  </wb:data>
  <wb:data>
    <wb:indicator id="GC.XPN.TRFT.ZS">Subsidies and other transfers (% of expense)</wb:indicator>
    <wb:country id="ET">Ethiopia</wb:country>
    <wb:countryiso3code>ETH</wb:countryiso3code>
    <wb:date>2014</wb:date>
    <wb:value>56.9647919470399</wb:value>
    <wb:unit />
    <wb:obs_status />
    <wb:decimal>1</wb:decimal>
  </wb:data>
  <wb:data>
    <wb:indicator id="GC.XPN.TRFT.ZS">Subsidies and other transfers (% of expense)</wb:indicator>
    <wb:country id="ET">Ethiopia</wb:country>
    <wb:countryiso3code>ETH</wb:countryiso3code>
    <wb:date>2013</wb:date>
    <wb:value>60.2984288267348</wb:value>
    <wb:unit />
    <wb:obs_status />
    <wb:decimal>1</wb:decimal>
  </wb:data>
  <wb:data>
    <wb:indicator id="GC.XPN.TRFT.ZS">Subsidies and other transfers (% of expense)</wb:indicator>
    <wb:country id="ET">Ethiopia</wb:country>
    <wb:countryiso3code>ETH</wb:countryiso3code>
    <wb:date>2012</wb:date>
    <wb:value>72.8451198406866</wb:value>
    <wb:unit />
    <wb:obs_status />
    <wb:decimal>1</wb:decimal>
  </wb:data>
  <wb:data>
    <wb:indicator id="GC.XPN.TRFT.ZS">Subsidies and other transfers (% of expense)</wb:indicator>
    <wb:country id="ET">Ethiopia</wb:country>
    <wb:countryiso3code>ETH</wb:countryiso3code>
    <wb:date>2011</wb:date>
    <wb:value>63.674755678466</wb:value>
    <wb:unit />
    <wb:obs_status />
    <wb:decimal>1</wb:decimal>
  </wb:data>
  <wb:data>
    <wb:indicator id="GC.XPN.TRFT.ZS">Subsidies and other transfers (% of expense)</wb:indicator>
    <wb:country id="ET">Ethiopia</wb:country>
    <wb:countryiso3code>ETH</wb:countryiso3code>
    <wb:date>2010</wb:date>
    <wb:value>60.4969438450968</wb:value>
    <wb:unit />
    <wb:obs_status />
    <wb:decimal>1</wb:decimal>
  </wb:data>
  <wb:data>
    <wb:indicator id="GC.XPN.TRFT.ZS">Subsidies and other transfers (% of expense)</wb:indicator>
    <wb:country id="ET">Ethiopia</wb:country>
    <wb:countryiso3code>ETH</wb:countryiso3code>
    <wb:date>2009</wb:date>
    <wb:value>57.7572291488631</wb:value>
    <wb:unit />
    <wb:obs_status />
    <wb:decimal>1</wb:decimal>
  </wb:data>
  <wb:data>
    <wb:indicator id="GC.XPN.TRFT.ZS">Subsidies and other transfers (% of expense)</wb:indicator>
    <wb:country id="ET">Ethiopia</wb:country>
    <wb:countryiso3code>ETH</wb:countryiso3code>
    <wb:date>2008</wb:date>
    <wb:value>60.1922614383142</wb:value>
    <wb:unit />
    <wb:obs_status />
    <wb:decimal>1</wb:decimal>
  </wb:data>
  <wb:data>
    <wb:indicator id="GC.XPN.TRFT.ZS">Subsidies and other transfers (% of expense)</wb:indicator>
    <wb:country id="ET">Ethiopia</wb:country>
    <wb:countryiso3code>ETH</wb:countryiso3code>
    <wb:date>2007</wb:date>
    <wb:value>8.60482802794274</wb:value>
    <wb:unit />
    <wb:obs_status />
    <wb:decimal>1</wb:decimal>
  </wb:data>
  <wb:data>
    <wb:indicator id="GC.XPN.TRFT.ZS">Subsidies and other transfers (% of expense)</wb:indicator>
    <wb:country id="ET">Ethiopia</wb:country>
    <wb:countryiso3code>ETH</wb:countryiso3code>
    <wb:date>2006</wb:date>
    <wb:value>25.165374042415</wb:value>
    <wb:unit />
    <wb:obs_status />
    <wb:decimal>1</wb:decimal>
  </wb:data>
  <wb:data>
    <wb:indicator id="GC.XPN.TRFT.ZS">Subsidies and other transfers (% of expense)</wb:indicator>
    <wb:country id="ET">Ethiopia</wb:country>
    <wb:countryiso3code>ETH</wb:countryiso3code>
    <wb:date>2005</wb:date>
    <wb:value>41.759600358974</wb:value>
    <wb:unit />
    <wb:obs_status />
    <wb:decimal>1</wb:decimal>
  </wb:data>
  <wb:data>
    <wb:indicator id="GC.XPN.TRFT.ZS">Subsidies and other transfers (% of expense)</wb:indicator>
    <wb:country id="ET">Ethiopia</wb:country>
    <wb:countryiso3code>ETH</wb:countryiso3code>
    <wb:date>2004</wb:date>
    <wb:value>39.1627709307267</wb:value>
    <wb:unit />
    <wb:obs_status />
    <wb:decimal>1</wb:decimal>
  </wb:data>
  <wb:data>
    <wb:indicator id="GC.XPN.TRFT.ZS">Subsidies and other transfers (% of expense)</wb:indicator>
    <wb:country id="ET">Ethiopia</wb:country>
    <wb:countryiso3code>ETH</wb:countryiso3code>
    <wb:date>2003</wb:date>
    <wb:value>45.2744294507982</wb:value>
    <wb:unit />
    <wb:obs_status />
    <wb:decimal>1</wb:decimal>
  </wb:data>
  <wb:data>
    <wb:indicator id="GC.XPN.TRFT.ZS">Subsidies and other transfers (% of expense)</wb:indicator>
    <wb:country id="ET">Ethiopia</wb:country>
    <wb:countryiso3code>ETH</wb:countryiso3code>
    <wb:date>2002</wb:date>
    <wb:value>45.7301942746475</wb:value>
    <wb:unit />
    <wb:obs_status />
    <wb:decimal>1</wb:decimal>
  </wb:data>
  <wb:data>
    <wb:indicator id="GC.XPN.TRFT.ZS">Subsidies and other transfers (% of expense)</wb:indicator>
    <wb:country id="ET">Ethiopia</wb:country>
    <wb:countryiso3code>ETH</wb:countryiso3code>
    <wb:date>2001</wb:date>
    <wb:value>43.8868952484344</wb:value>
    <wb:unit />
    <wb:obs_status />
    <wb:decimal>1</wb:decimal>
  </wb:data>
  <wb:data>
    <wb:indicator id="GC.XPN.TRFT.ZS">Subsidies and other transfers (% of expense)</wb:indicator>
    <wb:country id="ET">Ethiopia</wb:country>
    <wb:countryiso3code>ETH</wb:countryiso3code>
    <wb:date>2000</wb:date>
    <wb:value />
    <wb:unit />
    <wb:obs_status />
    <wb:decimal>1</wb:decimal>
  </wb:data>
  <wb:data>
    <wb:indicator id="GC.XPN.TRFT.ZS">Subsidies and other transfers (% of expense)</wb:indicator>
    <wb:country id="ET">Ethiopia</wb:country>
    <wb:countryiso3code>ETH</wb:countryiso3code>
    <wb:date>1999</wb:date>
    <wb:value>37.8528652899565</wb:value>
    <wb:unit />
    <wb:obs_status />
    <wb:decimal>1</wb:decimal>
  </wb:data>
  <wb:data>
    <wb:indicator id="GC.XPN.TRFT.ZS">Subsidies and other transfers (% of expense)</wb:indicator>
    <wb:country id="ET">Ethiopia</wb:country>
    <wb:countryiso3code>ETH</wb:countryiso3code>
    <wb:date>1998</wb:date>
    <wb:value>43.2928033074359</wb:value>
    <wb:unit />
    <wb:obs_status />
    <wb:decimal>1</wb:decimal>
  </wb:data>
  <wb:data>
    <wb:indicator id="GC.XPN.TRFT.ZS">Subsidies and other transfers (% of expense)</wb:indicator>
    <wb:country id="ET">Ethiopia</wb:country>
    <wb:countryiso3code>ETH</wb:countryiso3code>
    <wb:date>1997</wb:date>
    <wb:value>28.097764030815</wb:value>
    <wb:unit />
    <wb:obs_status />
    <wb:decimal>1</wb:decimal>
  </wb:data>
  <wb:data>
    <wb:indicator id="GC.XPN.TRFT.ZS">Subsidies and other transfers (% of expense)</wb:indicator>
    <wb:country id="ET">Ethiopia</wb:country>
    <wb:countryiso3code>ETH</wb:countryiso3code>
    <wb:date>1996</wb:date>
    <wb:value>14.7517730496454</wb:value>
    <wb:unit />
    <wb:obs_status />
    <wb:decimal>1</wb:decimal>
  </wb:data>
  <wb:data>
    <wb:indicator id="GC.XPN.TRFT.ZS">Subsidies and other transfers (% of expense)</wb:indicator>
    <wb:country id="ET">Ethiopia</wb:country>
    <wb:countryiso3code>ETH</wb:countryiso3code>
    <wb:date>1995</wb:date>
    <wb:value>18.2751828925155</wb:value>
    <wb:unit />
    <wb:obs_status />
    <wb:decimal>1</wb:decimal>
  </wb:data>
  <wb:data>
    <wb:indicator id="GC.XPN.TRFT.ZS">Subsidies and other transfers (% of expense)</wb:indicator>
    <wb:country id="ET">Ethiopia</wb:country>
    <wb:countryiso3code>ETH</wb:countryiso3code>
    <wb:date>1994</wb:date>
    <wb:value>14.2335473515249</wb:value>
    <wb:unit />
    <wb:obs_status />
    <wb:decimal>1</wb:decimal>
  </wb:data>
  <wb:data>
    <wb:indicator id="GC.XPN.TRFT.ZS">Subsidies and other transfers (% of expense)</wb:indicator>
    <wb:country id="ET">Ethiopia</wb:country>
    <wb:countryiso3code>ETH</wb:countryiso3code>
    <wb:date>1993</wb:date>
    <wb:value>14.461554047209</wb:value>
    <wb:unit />
    <wb:obs_status />
    <wb:decimal>1</wb:decimal>
  </wb:data>
  <wb:data>
    <wb:indicator id="GC.XPN.TRFT.ZS">Subsidies and other transfers (% of expense)</wb:indicator>
    <wb:country id="ET">Ethiopia</wb:country>
    <wb:countryiso3code>ETH</wb:countryiso3code>
    <wb:date>1992</wb:date>
    <wb:value>23.6398364520846</wb:value>
    <wb:unit />
    <wb:obs_status />
    <wb:decimal>1</wb:decimal>
  </wb:data>
  <wb:data>
    <wb:indicator id="GC.XPN.TRFT.ZS">Subsidies and other transfers (% of expense)</wb:indicator>
    <wb:country id="ET">Ethiopia</wb:country>
    <wb:countryiso3code>ETH</wb:countryiso3code>
    <wb:date>1991</wb:date>
    <wb:value>10.0951402778529</wb:value>
    <wb:unit />
    <wb:obs_status />
    <wb:decimal>1</wb:decimal>
  </wb:data>
  <wb:data>
    <wb:indicator id="GC.XPN.TRFT.ZS">Subsidies and other transfers (% of expense)</wb:indicator>
    <wb:country id="ET">Ethiopia</wb:country>
    <wb:countryiso3code>ETH</wb:countryiso3code>
    <wb:date>1990</wb:date>
    <wb:value>11.2015589925751</wb:value>
    <wb:unit />
    <wb:obs_status />
    <wb:decimal>1</wb:decimal>
  </wb:data>
  <wb:data>
    <wb:indicator id="GC.XPN.TRFT.ZS">Subsidies and other transfers (% of expense)</wb:indicator>
    <wb:country id="ET">Ethiopia</wb:country>
    <wb:countryiso3code>ETH</wb:countryiso3code>
    <wb:date>1989</wb:date>
    <wb:value />
    <wb:unit />
    <wb:obs_status />
    <wb:decimal>1</wb:decimal>
  </wb:data>
  <wb:data>
    <wb:indicator id="GC.XPN.TRFT.ZS">Subsidies and other transfers (% of expense)</wb:indicator>
    <wb:country id="ET">Ethiopia</wb:country>
    <wb:countryiso3code>ETH</wb:countryiso3code>
    <wb:date>1988</wb:date>
    <wb:value />
    <wb:unit />
    <wb:obs_status />
    <wb:decimal>1</wb:decimal>
  </wb:data>
  <wb:data>
    <wb:indicator id="GC.XPN.TRFT.ZS">Subsidies and other transfers (% of expense)</wb:indicator>
    <wb:country id="ET">Ethiopia</wb:country>
    <wb:countryiso3code>ETH</wb:countryiso3code>
    <wb:date>1987</wb:date>
    <wb:value />
    <wb:unit />
    <wb:obs_status />
    <wb:decimal>1</wb:decimal>
  </wb:data>
  <wb:data>
    <wb:indicator id="GC.XPN.TRFT.ZS">Subsidies and other transfers (% of expense)</wb:indicator>
    <wb:country id="ET">Ethiopia</wb:country>
    <wb:countryiso3code>ETH</wb:countryiso3code>
    <wb:date>1986</wb:date>
    <wb:value />
    <wb:unit />
    <wb:obs_status />
    <wb:decimal>1</wb:decimal>
  </wb:data>
  <wb:data>
    <wb:indicator id="GC.XPN.TRFT.ZS">Subsidies and other transfers (% of expense)</wb:indicator>
    <wb:country id="ET">Ethiopia</wb:country>
    <wb:countryiso3code>ETH</wb:countryiso3code>
    <wb:date>1985</wb:date>
    <wb:value />
    <wb:unit />
    <wb:obs_status />
    <wb:decimal>1</wb:decimal>
  </wb:data>
  <wb:data>
    <wb:indicator id="GC.XPN.TRFT.ZS">Subsidies and other transfers (% of expense)</wb:indicator>
    <wb:country id="ET">Ethiopia</wb:country>
    <wb:countryiso3code>ETH</wb:countryiso3code>
    <wb:date>1984</wb:date>
    <wb:value />
    <wb:unit />
    <wb:obs_status />
    <wb:decimal>1</wb:decimal>
  </wb:data>
  <wb:data>
    <wb:indicator id="GC.XPN.TRFT.ZS">Subsidies and other transfers (% of expense)</wb:indicator>
    <wb:country id="ET">Ethiopia</wb:country>
    <wb:countryiso3code>ETH</wb:countryiso3code>
    <wb:date>1983</wb:date>
    <wb:value />
    <wb:unit />
    <wb:obs_status />
    <wb:decimal>1</wb:decimal>
  </wb:data>
  <wb:data>
    <wb:indicator id="GC.XPN.TRFT.ZS">Subsidies and other transfers (% of expense)</wb:indicator>
    <wb:country id="ET">Ethiopia</wb:country>
    <wb:countryiso3code>ETH</wb:countryiso3code>
    <wb:date>1982</wb:date>
    <wb:value />
    <wb:unit />
    <wb:obs_status />
    <wb:decimal>1</wb:decimal>
  </wb:data>
  <wb:data>
    <wb:indicator id="GC.XPN.TRFT.ZS">Subsidies and other transfers (% of expense)</wb:indicator>
    <wb:country id="ET">Ethiopia</wb:country>
    <wb:countryiso3code>ETH</wb:countryiso3code>
    <wb:date>1981</wb:date>
    <wb:value />
    <wb:unit />
    <wb:obs_status />
    <wb:decimal>1</wb:decimal>
  </wb:data>
  <wb:data>
    <wb:indicator id="GC.XPN.TRFT.ZS">Subsidies and other transfers (% of expense)</wb:indicator>
    <wb:country id="ET">Ethiopia</wb:country>
    <wb:countryiso3code>ETH</wb:countryiso3code>
    <wb:date>1980</wb:date>
    <wb:value />
    <wb:unit />
    <wb:obs_status />
    <wb:decimal>1</wb:decimal>
  </wb:data>
  <wb:data>
    <wb:indicator id="GC.XPN.TRFT.ZS">Subsidies and other transfers (% of expense)</wb:indicator>
    <wb:country id="ET">Ethiopia</wb:country>
    <wb:countryiso3code>ETH</wb:countryiso3code>
    <wb:date>1979</wb:date>
    <wb:value />
    <wb:unit />
    <wb:obs_status />
    <wb:decimal>1</wb:decimal>
  </wb:data>
  <wb:data>
    <wb:indicator id="GC.XPN.TRFT.ZS">Subsidies and other transfers (% of expense)</wb:indicator>
    <wb:country id="ET">Ethiopia</wb:country>
    <wb:countryiso3code>ETH</wb:countryiso3code>
    <wb:date>1978</wb:date>
    <wb:value />
    <wb:unit />
    <wb:obs_status />
    <wb:decimal>1</wb:decimal>
  </wb:data>
  <wb:data>
    <wb:indicator id="GC.XPN.TRFT.ZS">Subsidies and other transfers (% of expense)</wb:indicator>
    <wb:country id="ET">Ethiopia</wb:country>
    <wb:countryiso3code>ETH</wb:countryiso3code>
    <wb:date>1977</wb:date>
    <wb:value />
    <wb:unit />
    <wb:obs_status />
    <wb:decimal>1</wb:decimal>
  </wb:data>
  <wb:data>
    <wb:indicator id="GC.XPN.TRFT.ZS">Subsidies and other transfers (% of expense)</wb:indicator>
    <wb:country id="ET">Ethiopia</wb:country>
    <wb:countryiso3code>ETH</wb:countryiso3code>
    <wb:date>1976</wb:date>
    <wb:value />
    <wb:unit />
    <wb:obs_status />
    <wb:decimal>1</wb:decimal>
  </wb:data>
  <wb:data>
    <wb:indicator id="GC.XPN.TRFT.ZS">Subsidies and other transfers (% of expense)</wb:indicator>
    <wb:country id="ET">Ethiopia</wb:country>
    <wb:countryiso3code>ETH</wb:countryiso3code>
    <wb:date>1975</wb:date>
    <wb:value />
    <wb:unit />
    <wb:obs_status />
    <wb:decimal>1</wb:decimal>
  </wb:data>
  <wb:data>
    <wb:indicator id="GC.XPN.TRFT.ZS">Subsidies and other transfers (% of expense)</wb:indicator>
    <wb:country id="ET">Ethiopia</wb:country>
    <wb:countryiso3code>ETH</wb:countryiso3code>
    <wb:date>1974</wb:date>
    <wb:value />
    <wb:unit />
    <wb:obs_status />
    <wb:decimal>1</wb:decimal>
  </wb:data>
  <wb:data>
    <wb:indicator id="GC.XPN.TRFT.ZS">Subsidies and other transfers (% of expense)</wb:indicator>
    <wb:country id="ET">Ethiopia</wb:country>
    <wb:countryiso3code>ETH</wb:countryiso3code>
    <wb:date>1973</wb:date>
    <wb:value />
    <wb:unit />
    <wb:obs_status />
    <wb:decimal>1</wb:decimal>
  </wb:data>
</wb:data>