<?xml version="1.0" encoding="utf-8"?>
<wb:data page="1" pages="2" per_page="50" total="63" sourceid="2" lastupdated="2023-07-25" xmlns:wb="http://www.worldbank.org">
  <wb:data>
    <wb:indicator id="SP.POP.3034.MA.5Y">Population ages 30-34, male (% of male population)</wb:indicator>
    <wb:country id="ET">Ethiopia</wb:country>
    <wb:countryiso3code>ETH</wb:countryiso3code>
    <wb:date>2022</wb:date>
    <wb:value>7.10544218373052</wb:value>
    <wb:unit />
    <wb:obs_status />
    <wb:decimal>0</wb:decimal>
  </wb:data>
  <wb:data>
    <wb:indicator id="SP.POP.3034.MA.5Y">Population ages 30-34, male (% of male population)</wb:indicator>
    <wb:country id="ET">Ethiopia</wb:country>
    <wb:countryiso3code>ETH</wb:countryiso3code>
    <wb:date>2021</wb:date>
    <wb:value>7.02776181311892</wb:value>
    <wb:unit />
    <wb:obs_status />
    <wb:decimal>0</wb:decimal>
  </wb:data>
  <wb:data>
    <wb:indicator id="SP.POP.3034.MA.5Y">Population ages 30-34, male (% of male population)</wb:indicator>
    <wb:country id="ET">Ethiopia</wb:country>
    <wb:countryiso3code>ETH</wb:countryiso3code>
    <wb:date>2020</wb:date>
    <wb:value>6.91416070805505</wb:value>
    <wb:unit />
    <wb:obs_status />
    <wb:decimal>0</wb:decimal>
  </wb:data>
  <wb:data>
    <wb:indicator id="SP.POP.3034.MA.5Y">Population ages 30-34, male (% of male population)</wb:indicator>
    <wb:country id="ET">Ethiopia</wb:country>
    <wb:countryiso3code>ETH</wb:countryiso3code>
    <wb:date>2019</wb:date>
    <wb:value>6.7810294937646</wb:value>
    <wb:unit />
    <wb:obs_status />
    <wb:decimal>0</wb:decimal>
  </wb:data>
  <wb:data>
    <wb:indicator id="SP.POP.3034.MA.5Y">Population ages 30-34, male (% of male population)</wb:indicator>
    <wb:country id="ET">Ethiopia</wb:country>
    <wb:countryiso3code>ETH</wb:countryiso3code>
    <wb:date>2018</wb:date>
    <wb:value>6.61621349585963</wb:value>
    <wb:unit />
    <wb:obs_status />
    <wb:decimal>0</wb:decimal>
  </wb:data>
  <wb:data>
    <wb:indicator id="SP.POP.3034.MA.5Y">Population ages 30-34, male (% of male population)</wb:indicator>
    <wb:country id="ET">Ethiopia</wb:country>
    <wb:countryiso3code>ETH</wb:countryiso3code>
    <wb:date>2017</wb:date>
    <wb:value>6.43180362010229</wb:value>
    <wb:unit />
    <wb:obs_status />
    <wb:decimal>0</wb:decimal>
  </wb:data>
  <wb:data>
    <wb:indicator id="SP.POP.3034.MA.5Y">Population ages 30-34, male (% of male population)</wb:indicator>
    <wb:country id="ET">Ethiopia</wb:country>
    <wb:countryiso3code>ETH</wb:countryiso3code>
    <wb:date>2016</wb:date>
    <wb:value>6.27066574623349</wb:value>
    <wb:unit />
    <wb:obs_status />
    <wb:decimal>0</wb:decimal>
  </wb:data>
  <wb:data>
    <wb:indicator id="SP.POP.3034.MA.5Y">Population ages 30-34, male (% of male population)</wb:indicator>
    <wb:country id="ET">Ethiopia</wb:country>
    <wb:countryiso3code>ETH</wb:countryiso3code>
    <wb:date>2015</wb:date>
    <wb:value>6.1563432670206</wb:value>
    <wb:unit />
    <wb:obs_status />
    <wb:decimal>0</wb:decimal>
  </wb:data>
  <wb:data>
    <wb:indicator id="SP.POP.3034.MA.5Y">Population ages 30-34, male (% of male population)</wb:indicator>
    <wb:country id="ET">Ethiopia</wb:country>
    <wb:countryiso3code>ETH</wb:countryiso3code>
    <wb:date>2014</wb:date>
    <wb:value>6.08387513563236</wb:value>
    <wb:unit />
    <wb:obs_status />
    <wb:decimal>0</wb:decimal>
  </wb:data>
  <wb:data>
    <wb:indicator id="SP.POP.3034.MA.5Y">Population ages 30-34, male (% of male population)</wb:indicator>
    <wb:country id="ET">Ethiopia</wb:country>
    <wb:countryiso3code>ETH</wb:countryiso3code>
    <wb:date>2013</wb:date>
    <wb:value>6.04212359102752</wb:value>
    <wb:unit />
    <wb:obs_status />
    <wb:decimal>0</wb:decimal>
  </wb:data>
  <wb:data>
    <wb:indicator id="SP.POP.3034.MA.5Y">Population ages 30-34, male (% of male population)</wb:indicator>
    <wb:country id="ET">Ethiopia</wb:country>
    <wb:countryiso3code>ETH</wb:countryiso3code>
    <wb:date>2012</wb:date>
    <wb:value>6.00455491781957</wb:value>
    <wb:unit />
    <wb:obs_status />
    <wb:decimal>0</wb:decimal>
  </wb:data>
  <wb:data>
    <wb:indicator id="SP.POP.3034.MA.5Y">Population ages 30-34, male (% of male population)</wb:indicator>
    <wb:country id="ET">Ethiopia</wb:country>
    <wb:countryiso3code>ETH</wb:countryiso3code>
    <wb:date>2011</wb:date>
    <wb:value>5.94764207380579</wb:value>
    <wb:unit />
    <wb:obs_status />
    <wb:decimal>0</wb:decimal>
  </wb:data>
  <wb:data>
    <wb:indicator id="SP.POP.3034.MA.5Y">Population ages 30-34, male (% of male population)</wb:indicator>
    <wb:country id="ET">Ethiopia</wb:country>
    <wb:countryiso3code>ETH</wb:countryiso3code>
    <wb:date>2010</wb:date>
    <wb:value>5.87295203143816</wb:value>
    <wb:unit />
    <wb:obs_status />
    <wb:decimal>0</wb:decimal>
  </wb:data>
  <wb:data>
    <wb:indicator id="SP.POP.3034.MA.5Y">Population ages 30-34, male (% of male population)</wb:indicator>
    <wb:country id="ET">Ethiopia</wb:country>
    <wb:countryiso3code>ETH</wb:countryiso3code>
    <wb:date>2009</wb:date>
    <wb:value>5.79248926802497</wb:value>
    <wb:unit />
    <wb:obs_status />
    <wb:decimal>0</wb:decimal>
  </wb:data>
  <wb:data>
    <wb:indicator id="SP.POP.3034.MA.5Y">Population ages 30-34, male (% of male population)</wb:indicator>
    <wb:country id="ET">Ethiopia</wb:country>
    <wb:countryiso3code>ETH</wb:countryiso3code>
    <wb:date>2008</wb:date>
    <wb:value>5.72366465491117</wb:value>
    <wb:unit />
    <wb:obs_status />
    <wb:decimal>0</wb:decimal>
  </wb:data>
  <wb:data>
    <wb:indicator id="SP.POP.3034.MA.5Y">Population ages 30-34, male (% of male population)</wb:indicator>
    <wb:country id="ET">Ethiopia</wb:country>
    <wb:countryiso3code>ETH</wb:countryiso3code>
    <wb:date>2007</wb:date>
    <wb:value>5.67520087124999</wb:value>
    <wb:unit />
    <wb:obs_status />
    <wb:decimal>0</wb:decimal>
  </wb:data>
  <wb:data>
    <wb:indicator id="SP.POP.3034.MA.5Y">Population ages 30-34, male (% of male population)</wb:indicator>
    <wb:country id="ET">Ethiopia</wb:country>
    <wb:countryiso3code>ETH</wb:countryiso3code>
    <wb:date>2006</wb:date>
    <wb:value>5.64937643671768</wb:value>
    <wb:unit />
    <wb:obs_status />
    <wb:decimal>0</wb:decimal>
  </wb:data>
  <wb:data>
    <wb:indicator id="SP.POP.3034.MA.5Y">Population ages 30-34, male (% of male population)</wb:indicator>
    <wb:country id="ET">Ethiopia</wb:country>
    <wb:countryiso3code>ETH</wb:countryiso3code>
    <wb:date>2005</wb:date>
    <wb:value>5.65052679789095</wb:value>
    <wb:unit />
    <wb:obs_status />
    <wb:decimal>0</wb:decimal>
  </wb:data>
  <wb:data>
    <wb:indicator id="SP.POP.3034.MA.5Y">Population ages 30-34, male (% of male population)</wb:indicator>
    <wb:country id="ET">Ethiopia</wb:country>
    <wb:countryiso3code>ETH</wb:countryiso3code>
    <wb:date>2004</wb:date>
    <wb:value>5.678776733882</wb:value>
    <wb:unit />
    <wb:obs_status />
    <wb:decimal>0</wb:decimal>
  </wb:data>
  <wb:data>
    <wb:indicator id="SP.POP.3034.MA.5Y">Population ages 30-34, male (% of male population)</wb:indicator>
    <wb:country id="ET">Ethiopia</wb:country>
    <wb:countryiso3code>ETH</wb:countryiso3code>
    <wb:date>2003</wb:date>
    <wb:value>5.72005344404871</wb:value>
    <wb:unit />
    <wb:obs_status />
    <wb:decimal>0</wb:decimal>
  </wb:data>
  <wb:data>
    <wb:indicator id="SP.POP.3034.MA.5Y">Population ages 30-34, male (% of male population)</wb:indicator>
    <wb:country id="ET">Ethiopia</wb:country>
    <wb:countryiso3code>ETH</wb:countryiso3code>
    <wb:date>2002</wb:date>
    <wb:value>5.76053246597616</wb:value>
    <wb:unit />
    <wb:obs_status />
    <wb:decimal>0</wb:decimal>
  </wb:data>
  <wb:data>
    <wb:indicator id="SP.POP.3034.MA.5Y">Population ages 30-34, male (% of male population)</wb:indicator>
    <wb:country id="ET">Ethiopia</wb:country>
    <wb:countryiso3code>ETH</wb:countryiso3code>
    <wb:date>2001</wb:date>
    <wb:value>5.78996312062038</wb:value>
    <wb:unit />
    <wb:obs_status />
    <wb:decimal>0</wb:decimal>
  </wb:data>
  <wb:data>
    <wb:indicator id="SP.POP.3034.MA.5Y">Population ages 30-34, male (% of male population)</wb:indicator>
    <wb:country id="ET">Ethiopia</wb:country>
    <wb:countryiso3code>ETH</wb:countryiso3code>
    <wb:date>2000</wb:date>
    <wb:value>5.80489812615169</wb:value>
    <wb:unit />
    <wb:obs_status />
    <wb:decimal>0</wb:decimal>
  </wb:data>
  <wb:data>
    <wb:indicator id="SP.POP.3034.MA.5Y">Population ages 30-34, male (% of male population)</wb:indicator>
    <wb:country id="ET">Ethiopia</wb:country>
    <wb:countryiso3code>ETH</wb:countryiso3code>
    <wb:date>1999</wb:date>
    <wb:value>5.81721795402616</wb:value>
    <wb:unit />
    <wb:obs_status />
    <wb:decimal>0</wb:decimal>
  </wb:data>
  <wb:data>
    <wb:indicator id="SP.POP.3034.MA.5Y">Population ages 30-34, male (% of male population)</wb:indicator>
    <wb:country id="ET">Ethiopia</wb:country>
    <wb:countryiso3code>ETH</wb:countryiso3code>
    <wb:date>1998</wb:date>
    <wb:value>5.83138208708342</wb:value>
    <wb:unit />
    <wb:obs_status />
    <wb:decimal>0</wb:decimal>
  </wb:data>
  <wb:data>
    <wb:indicator id="SP.POP.3034.MA.5Y">Population ages 30-34, male (% of male population)</wb:indicator>
    <wb:country id="ET">Ethiopia</wb:country>
    <wb:countryiso3code>ETH</wb:countryiso3code>
    <wb:date>1997</wb:date>
    <wb:value>5.84354345133583</wb:value>
    <wb:unit />
    <wb:obs_status />
    <wb:decimal>0</wb:decimal>
  </wb:data>
  <wb:data>
    <wb:indicator id="SP.POP.3034.MA.5Y">Population ages 30-34, male (% of male population)</wb:indicator>
    <wb:country id="ET">Ethiopia</wb:country>
    <wb:countryiso3code>ETH</wb:countryiso3code>
    <wb:date>1996</wb:date>
    <wb:value>5.85788809819548</wb:value>
    <wb:unit />
    <wb:obs_status />
    <wb:decimal>0</wb:decimal>
  </wb:data>
  <wb:data>
    <wb:indicator id="SP.POP.3034.MA.5Y">Population ages 30-34, male (% of male population)</wb:indicator>
    <wb:country id="ET">Ethiopia</wb:country>
    <wb:countryiso3code>ETH</wb:countryiso3code>
    <wb:date>1995</wb:date>
    <wb:value>5.87418251568135</wb:value>
    <wb:unit />
    <wb:obs_status />
    <wb:decimal>0</wb:decimal>
  </wb:data>
  <wb:data>
    <wb:indicator id="SP.POP.3034.MA.5Y">Population ages 30-34, male (% of male population)</wb:indicator>
    <wb:country id="ET">Ethiopia</wb:country>
    <wb:countryiso3code>ETH</wb:countryiso3code>
    <wb:date>1994</wb:date>
    <wb:value>5.88027536400672</wb:value>
    <wb:unit />
    <wb:obs_status />
    <wb:decimal>0</wb:decimal>
  </wb:data>
  <wb:data>
    <wb:indicator id="SP.POP.3034.MA.5Y">Population ages 30-34, male (% of male population)</wb:indicator>
    <wb:country id="ET">Ethiopia</wb:country>
    <wb:countryiso3code>ETH</wb:countryiso3code>
    <wb:date>1993</wb:date>
    <wb:value>5.86228901501982</wb:value>
    <wb:unit />
    <wb:obs_status />
    <wb:decimal>0</wb:decimal>
  </wb:data>
  <wb:data>
    <wb:indicator id="SP.POP.3034.MA.5Y">Population ages 30-34, male (% of male population)</wb:indicator>
    <wb:country id="ET">Ethiopia</wb:country>
    <wb:countryiso3code>ETH</wb:countryiso3code>
    <wb:date>1992</wb:date>
    <wb:value>5.80989580979927</wb:value>
    <wb:unit />
    <wb:obs_status />
    <wb:decimal>0</wb:decimal>
  </wb:data>
  <wb:data>
    <wb:indicator id="SP.POP.3034.MA.5Y">Population ages 30-34, male (% of male population)</wb:indicator>
    <wb:country id="ET">Ethiopia</wb:country>
    <wb:countryiso3code>ETH</wb:countryiso3code>
    <wb:date>1991</wb:date>
    <wb:value>5.72780734322653</wb:value>
    <wb:unit />
    <wb:obs_status />
    <wb:decimal>0</wb:decimal>
  </wb:data>
  <wb:data>
    <wb:indicator id="SP.POP.3034.MA.5Y">Population ages 30-34, male (% of male population)</wb:indicator>
    <wb:country id="ET">Ethiopia</wb:country>
    <wb:countryiso3code>ETH</wb:countryiso3code>
    <wb:date>1990</wb:date>
    <wb:value>5.65604984760012</wb:value>
    <wb:unit />
    <wb:obs_status />
    <wb:decimal>0</wb:decimal>
  </wb:data>
  <wb:data>
    <wb:indicator id="SP.POP.3034.MA.5Y">Population ages 30-34, male (% of male population)</wb:indicator>
    <wb:country id="ET">Ethiopia</wb:country>
    <wb:countryiso3code>ETH</wb:countryiso3code>
    <wb:date>1989</wb:date>
    <wb:value>5.61661862691349</wb:value>
    <wb:unit />
    <wb:obs_status />
    <wb:decimal>0</wb:decimal>
  </wb:data>
  <wb:data>
    <wb:indicator id="SP.POP.3034.MA.5Y">Population ages 30-34, male (% of male population)</wb:indicator>
    <wb:country id="ET">Ethiopia</wb:country>
    <wb:countryiso3code>ETH</wb:countryiso3code>
    <wb:date>1988</wb:date>
    <wb:value>5.60539905034779</wb:value>
    <wb:unit />
    <wb:obs_status />
    <wb:decimal>0</wb:decimal>
  </wb:data>
  <wb:data>
    <wb:indicator id="SP.POP.3034.MA.5Y">Population ages 30-34, male (% of male population)</wb:indicator>
    <wb:country id="ET">Ethiopia</wb:country>
    <wb:countryiso3code>ETH</wb:countryiso3code>
    <wb:date>1987</wb:date>
    <wb:value>5.64425759091423</wb:value>
    <wb:unit />
    <wb:obs_status />
    <wb:decimal>0</wb:decimal>
  </wb:data>
  <wb:data>
    <wb:indicator id="SP.POP.3034.MA.5Y">Population ages 30-34, male (% of male population)</wb:indicator>
    <wb:country id="ET">Ethiopia</wb:country>
    <wb:countryiso3code>ETH</wb:countryiso3code>
    <wb:date>1986</wb:date>
    <wb:value>5.70608856935785</wb:value>
    <wb:unit />
    <wb:obs_status />
    <wb:decimal>0</wb:decimal>
  </wb:data>
  <wb:data>
    <wb:indicator id="SP.POP.3034.MA.5Y">Population ages 30-34, male (% of male population)</wb:indicator>
    <wb:country id="ET">Ethiopia</wb:country>
    <wb:countryiso3code>ETH</wb:countryiso3code>
    <wb:date>1985</wb:date>
    <wb:value>5.75062448870277</wb:value>
    <wb:unit />
    <wb:obs_status />
    <wb:decimal>0</wb:decimal>
  </wb:data>
  <wb:data>
    <wb:indicator id="SP.POP.3034.MA.5Y">Population ages 30-34, male (% of male population)</wb:indicator>
    <wb:country id="ET">Ethiopia</wb:country>
    <wb:countryiso3code>ETH</wb:countryiso3code>
    <wb:date>1984</wb:date>
    <wb:value>5.77730917665998</wb:value>
    <wb:unit />
    <wb:obs_status />
    <wb:decimal>0</wb:decimal>
  </wb:data>
  <wb:data>
    <wb:indicator id="SP.POP.3034.MA.5Y">Population ages 30-34, male (% of male population)</wb:indicator>
    <wb:country id="ET">Ethiopia</wb:country>
    <wb:countryiso3code>ETH</wb:countryiso3code>
    <wb:date>1983</wb:date>
    <wb:value>5.80178821144891</wb:value>
    <wb:unit />
    <wb:obs_status />
    <wb:decimal>0</wb:decimal>
  </wb:data>
  <wb:data>
    <wb:indicator id="SP.POP.3034.MA.5Y">Population ages 30-34, male (% of male population)</wb:indicator>
    <wb:country id="ET">Ethiopia</wb:country>
    <wb:countryiso3code>ETH</wb:countryiso3code>
    <wb:date>1982</wb:date>
    <wb:value>5.87445391643809</wb:value>
    <wb:unit />
    <wb:obs_status />
    <wb:decimal>0</wb:decimal>
  </wb:data>
  <wb:data>
    <wb:indicator id="SP.POP.3034.MA.5Y">Population ages 30-34, male (% of male population)</wb:indicator>
    <wb:country id="ET">Ethiopia</wb:country>
    <wb:countryiso3code>ETH</wb:countryiso3code>
    <wb:date>1981</wb:date>
    <wb:value>5.99514845007889</wb:value>
    <wb:unit />
    <wb:obs_status />
    <wb:decimal>0</wb:decimal>
  </wb:data>
  <wb:data>
    <wb:indicator id="SP.POP.3034.MA.5Y">Population ages 30-34, male (% of male population)</wb:indicator>
    <wb:country id="ET">Ethiopia</wb:country>
    <wb:countryiso3code>ETH</wb:countryiso3code>
    <wb:date>1980</wb:date>
    <wb:value>6.12494439631945</wb:value>
    <wb:unit />
    <wb:obs_status />
    <wb:decimal>0</wb:decimal>
  </wb:data>
  <wb:data>
    <wb:indicator id="SP.POP.3034.MA.5Y">Population ages 30-34, male (% of male population)</wb:indicator>
    <wb:country id="ET">Ethiopia</wb:country>
    <wb:countryiso3code>ETH</wb:countryiso3code>
    <wb:date>1979</wb:date>
    <wb:value>6.23934020399302</wb:value>
    <wb:unit />
    <wb:obs_status />
    <wb:decimal>0</wb:decimal>
  </wb:data>
  <wb:data>
    <wb:indicator id="SP.POP.3034.MA.5Y">Population ages 30-34, male (% of male population)</wb:indicator>
    <wb:country id="ET">Ethiopia</wb:country>
    <wb:countryiso3code>ETH</wb:countryiso3code>
    <wb:date>1978</wb:date>
    <wb:value>6.32611275368513</wb:value>
    <wb:unit />
    <wb:obs_status />
    <wb:decimal>0</wb:decimal>
  </wb:data>
  <wb:data>
    <wb:indicator id="SP.POP.3034.MA.5Y">Population ages 30-34, male (% of male population)</wb:indicator>
    <wb:country id="ET">Ethiopia</wb:country>
    <wb:countryiso3code>ETH</wb:countryiso3code>
    <wb:date>1977</wb:date>
    <wb:value>6.36397351437412</wb:value>
    <wb:unit />
    <wb:obs_status />
    <wb:decimal>0</wb:decimal>
  </wb:data>
  <wb:data>
    <wb:indicator id="SP.POP.3034.MA.5Y">Population ages 30-34, male (% of male population)</wb:indicator>
    <wb:country id="ET">Ethiopia</wb:country>
    <wb:countryiso3code>ETH</wb:countryiso3code>
    <wb:date>1976</wb:date>
    <wb:value>6.36040292564236</wb:value>
    <wb:unit />
    <wb:obs_status />
    <wb:decimal>0</wb:decimal>
  </wb:data>
  <wb:data>
    <wb:indicator id="SP.POP.3034.MA.5Y">Population ages 30-34, male (% of male population)</wb:indicator>
    <wb:country id="ET">Ethiopia</wb:country>
    <wb:countryiso3code>ETH</wb:countryiso3code>
    <wb:date>1975</wb:date>
    <wb:value>6.34567946544969</wb:value>
    <wb:unit />
    <wb:obs_status />
    <wb:decimal>0</wb:decimal>
  </wb:data>
  <wb:data>
    <wb:indicator id="SP.POP.3034.MA.5Y">Population ages 30-34, male (% of male population)</wb:indicator>
    <wb:country id="ET">Ethiopia</wb:country>
    <wb:countryiso3code>ETH</wb:countryiso3code>
    <wb:date>1974</wb:date>
    <wb:value>6.32337273356657</wb:value>
    <wb:unit />
    <wb:obs_status />
    <wb:decimal>0</wb:decimal>
  </wb:data>
  <wb:data>
    <wb:indicator id="SP.POP.3034.MA.5Y">Population ages 30-34, male (% of male population)</wb:indicator>
    <wb:country id="ET">Ethiopia</wb:country>
    <wb:countryiso3code>ETH</wb:countryiso3code>
    <wb:date>1973</wb:date>
    <wb:value>6.31232490259751</wb:value>
    <wb:unit />
    <wb:obs_status />
    <wb:decimal>0</wb:decimal>
  </wb:data>
</wb:data>