<?xml version="1.0" encoding="utf-8"?>
<wb:data page="1" pages="2" per_page="50" total="63" sourceid="2" lastupdated="2023-07-25" xmlns:wb="http://www.worldbank.org">
  <wb:data>
    <wb:indicator id="NY.GNP.MKTP.PP.CD">GNI, PPP (current international $)</wb:indicator>
    <wb:country id="ET">Ethiopia</wb:country>
    <wb:countryiso3code>ETH</wb:countryiso3code>
    <wb:date>2022</wb:date>
    <wb:value>345325072473.149</wb:value>
    <wb:unit />
    <wb:obs_status />
    <wb:decimal>0</wb:decimal>
  </wb:data>
  <wb:data>
    <wb:indicator id="NY.GNP.MKTP.PP.CD">GNI, PPP (current international $)</wb:indicator>
    <wb:country id="ET">Ethiopia</wb:country>
    <wb:countryiso3code>ETH</wb:countryiso3code>
    <wb:date>2021</wb:date>
    <wb:value>306228964374.505</wb:value>
    <wb:unit />
    <wb:obs_status />
    <wb:decimal>0</wb:decimal>
  </wb:data>
  <wb:data>
    <wb:indicator id="NY.GNP.MKTP.PP.CD">GNI, PPP (current international $)</wb:indicator>
    <wb:country id="ET">Ethiopia</wb:country>
    <wb:countryiso3code>ETH</wb:countryiso3code>
    <wb:date>2020</wb:date>
    <wb:value>277262954043.391</wb:value>
    <wb:unit />
    <wb:obs_status />
    <wb:decimal>0</wb:decimal>
  </wb:data>
  <wb:data>
    <wb:indicator id="NY.GNP.MKTP.PP.CD">GNI, PPP (current international $)</wb:indicator>
    <wb:country id="ET">Ethiopia</wb:country>
    <wb:countryiso3code>ETH</wb:countryiso3code>
    <wb:date>2019</wb:date>
    <wb:value>257936024325.075</wb:value>
    <wb:unit />
    <wb:obs_status />
    <wb:decimal>0</wb:decimal>
  </wb:data>
  <wb:data>
    <wb:indicator id="NY.GNP.MKTP.PP.CD">GNI, PPP (current international $)</wb:indicator>
    <wb:country id="ET">Ethiopia</wb:country>
    <wb:countryiso3code>ETH</wb:countryiso3code>
    <wb:date>2018</wb:date>
    <wb:value>234225274025.696</wb:value>
    <wb:unit />
    <wb:obs_status />
    <wb:decimal>0</wb:decimal>
  </wb:data>
  <wb:data>
    <wb:indicator id="NY.GNP.MKTP.PP.CD">GNI, PPP (current international $)</wb:indicator>
    <wb:country id="ET">Ethiopia</wb:country>
    <wb:countryiso3code>ETH</wb:countryiso3code>
    <wb:date>2017</wb:date>
    <wb:value>213816795462.579</wb:value>
    <wb:unit />
    <wb:obs_status />
    <wb:decimal>0</wb:decimal>
  </wb:data>
  <wb:data>
    <wb:indicator id="NY.GNP.MKTP.PP.CD">GNI, PPP (current international $)</wb:indicator>
    <wb:country id="ET">Ethiopia</wb:country>
    <wb:countryiso3code>ETH</wb:countryiso3code>
    <wb:date>2016</wb:date>
    <wb:value>194015690748.877</wb:value>
    <wb:unit />
    <wb:obs_status />
    <wb:decimal>0</wb:decimal>
  </wb:data>
  <wb:data>
    <wb:indicator id="NY.GNP.MKTP.PP.CD">GNI, PPP (current international $)</wb:indicator>
    <wb:country id="ET">Ethiopia</wb:country>
    <wb:countryiso3code>ETH</wb:countryiso3code>
    <wb:date>2015</wb:date>
    <wb:value>166439908210.722</wb:value>
    <wb:unit />
    <wb:obs_status />
    <wb:decimal>0</wb:decimal>
  </wb:data>
  <wb:data>
    <wb:indicator id="NY.GNP.MKTP.PP.CD">GNI, PPP (current international $)</wb:indicator>
    <wb:country id="ET">Ethiopia</wb:country>
    <wb:countryiso3code>ETH</wb:countryiso3code>
    <wb:date>2014</wb:date>
    <wb:value>148077638928.901</wb:value>
    <wb:unit />
    <wb:obs_status />
    <wb:decimal>0</wb:decimal>
  </wb:data>
  <wb:data>
    <wb:indicator id="NY.GNP.MKTP.PP.CD">GNI, PPP (current international $)</wb:indicator>
    <wb:country id="ET">Ethiopia</wb:country>
    <wb:countryiso3code>ETH</wb:countryiso3code>
    <wb:date>2013</wb:date>
    <wb:value>122160005499.923</wb:value>
    <wb:unit />
    <wb:obs_status />
    <wb:decimal>0</wb:decimal>
  </wb:data>
  <wb:data>
    <wb:indicator id="NY.GNP.MKTP.PP.CD">GNI, PPP (current international $)</wb:indicator>
    <wb:country id="ET">Ethiopia</wb:country>
    <wb:countryiso3code>ETH</wb:countryiso3code>
    <wb:date>2012</wb:date>
    <wb:value>112283157655.966</wb:value>
    <wb:unit />
    <wb:obs_status />
    <wb:decimal>0</wb:decimal>
  </wb:data>
  <wb:data>
    <wb:indicator id="NY.GNP.MKTP.PP.CD">GNI, PPP (current international $)</wb:indicator>
    <wb:country id="ET">Ethiopia</wb:country>
    <wb:countryiso3code>ETH</wb:countryiso3code>
    <wb:date>2011</wb:date>
    <wb:value>102066933556.261</wb:value>
    <wb:unit />
    <wb:obs_status />
    <wb:decimal>0</wb:decimal>
  </wb:data>
  <wb:data>
    <wb:indicator id="NY.GNP.MKTP.PP.CD">GNI, PPP (current international $)</wb:indicator>
    <wb:country id="ET">Ethiopia</wb:country>
    <wb:countryiso3code>ETH</wb:countryiso3code>
    <wb:date>2010</wb:date>
    <wb:value>89806292572.8253</wb:value>
    <wb:unit />
    <wb:obs_status />
    <wb:decimal>0</wb:decimal>
  </wb:data>
  <wb:data>
    <wb:indicator id="NY.GNP.MKTP.PP.CD">GNI, PPP (current international $)</wb:indicator>
    <wb:country id="ET">Ethiopia</wb:country>
    <wb:countryiso3code>ETH</wb:countryiso3code>
    <wb:date>2009</wb:date>
    <wb:value>79028887577.0133</wb:value>
    <wb:unit />
    <wb:obs_status />
    <wb:decimal>0</wb:decimal>
  </wb:data>
  <wb:data>
    <wb:indicator id="NY.GNP.MKTP.PP.CD">GNI, PPP (current international $)</wb:indicator>
    <wb:country id="ET">Ethiopia</wb:country>
    <wb:countryiso3code>ETH</wb:countryiso3code>
    <wb:date>2008</wb:date>
    <wb:value>72318569548.452</wb:value>
    <wb:unit />
    <wb:obs_status />
    <wb:decimal>0</wb:decimal>
  </wb:data>
  <wb:data>
    <wb:indicator id="NY.GNP.MKTP.PP.CD">GNI, PPP (current international $)</wb:indicator>
    <wb:country id="ET">Ethiopia</wb:country>
    <wb:countryiso3code>ETH</wb:countryiso3code>
    <wb:date>2007</wb:date>
    <wb:value>64046772909.527</wb:value>
    <wb:unit />
    <wb:obs_status />
    <wb:decimal>0</wb:decimal>
  </wb:data>
  <wb:data>
    <wb:indicator id="NY.GNP.MKTP.PP.CD">GNI, PPP (current international $)</wb:indicator>
    <wb:country id="ET">Ethiopia</wb:country>
    <wb:countryiso3code>ETH</wb:countryiso3code>
    <wb:date>2006</wb:date>
    <wb:value>55770778598.6658</wb:value>
    <wb:unit />
    <wb:obs_status />
    <wb:decimal>0</wb:decimal>
  </wb:data>
  <wb:data>
    <wb:indicator id="NY.GNP.MKTP.PP.CD">GNI, PPP (current international $)</wb:indicator>
    <wb:country id="ET">Ethiopia</wb:country>
    <wb:countryiso3code>ETH</wb:countryiso3code>
    <wb:date>2005</wb:date>
    <wb:value>48794472563.372</wb:value>
    <wb:unit />
    <wb:obs_status />
    <wb:decimal>0</wb:decimal>
  </wb:data>
  <wb:data>
    <wb:indicator id="NY.GNP.MKTP.PP.CD">GNI, PPP (current international $)</wb:indicator>
    <wb:country id="ET">Ethiopia</wb:country>
    <wb:countryiso3code>ETH</wb:countryiso3code>
    <wb:date>2004</wb:date>
    <wb:value>42166685855.7056</wb:value>
    <wb:unit />
    <wb:obs_status />
    <wb:decimal>0</wb:decimal>
  </wb:data>
  <wb:data>
    <wb:indicator id="NY.GNP.MKTP.PP.CD">GNI, PPP (current international $)</wb:indicator>
    <wb:country id="ET">Ethiopia</wb:country>
    <wb:countryiso3code>ETH</wb:countryiso3code>
    <wb:date>2003</wb:date>
    <wb:value>36106147528.8372</wb:value>
    <wb:unit />
    <wb:obs_status />
    <wb:decimal>0</wb:decimal>
  </wb:data>
  <wb:data>
    <wb:indicator id="NY.GNP.MKTP.PP.CD">GNI, PPP (current international $)</wb:indicator>
    <wb:country id="ET">Ethiopia</wb:country>
    <wb:countryiso3code>ETH</wb:countryiso3code>
    <wb:date>2002</wb:date>
    <wb:value>36220115501.7844</wb:value>
    <wb:unit />
    <wb:obs_status />
    <wb:decimal>0</wb:decimal>
  </wb:data>
  <wb:data>
    <wb:indicator id="NY.GNP.MKTP.PP.CD">GNI, PPP (current international $)</wb:indicator>
    <wb:country id="ET">Ethiopia</wb:country>
    <wb:countryiso3code>ETH</wb:countryiso3code>
    <wb:date>2001</wb:date>
    <wb:value>35153364909.1578</wb:value>
    <wb:unit />
    <wb:obs_status />
    <wb:decimal>0</wb:decimal>
  </wb:data>
  <wb:data>
    <wb:indicator id="NY.GNP.MKTP.PP.CD">GNI, PPP (current international $)</wb:indicator>
    <wb:country id="ET">Ethiopia</wb:country>
    <wb:countryiso3code>ETH</wb:countryiso3code>
    <wb:date>2000</wb:date>
    <wb:value>31709569421.4444</wb:value>
    <wb:unit />
    <wb:obs_status />
    <wb:decimal>0</wb:decimal>
  </wb:data>
  <wb:data>
    <wb:indicator id="NY.GNP.MKTP.PP.CD">GNI, PPP (current international $)</wb:indicator>
    <wb:country id="ET">Ethiopia</wb:country>
    <wb:countryiso3code>ETH</wb:countryiso3code>
    <wb:date>1999</wb:date>
    <wb:value>29250766632.0658</wb:value>
    <wb:unit />
    <wb:obs_status />
    <wb:decimal>0</wb:decimal>
  </wb:data>
  <wb:data>
    <wb:indicator id="NY.GNP.MKTP.PP.CD">GNI, PPP (current international $)</wb:indicator>
    <wb:country id="ET">Ethiopia</wb:country>
    <wb:countryiso3code>ETH</wb:countryiso3code>
    <wb:date>1998</wb:date>
    <wb:value>27383170537.8816</wb:value>
    <wb:unit />
    <wb:obs_status />
    <wb:decimal>0</wb:decimal>
  </wb:data>
  <wb:data>
    <wb:indicator id="NY.GNP.MKTP.PP.CD">GNI, PPP (current international $)</wb:indicator>
    <wb:country id="ET">Ethiopia</wb:country>
    <wb:countryiso3code>ETH</wb:countryiso3code>
    <wb:date>1997</wb:date>
    <wb:value>27971297397.3919</wb:value>
    <wb:unit />
    <wb:obs_status />
    <wb:decimal>0</wb:decimal>
  </wb:data>
  <wb:data>
    <wb:indicator id="NY.GNP.MKTP.PP.CD">GNI, PPP (current international $)</wb:indicator>
    <wb:country id="ET">Ethiopia</wb:country>
    <wb:countryiso3code>ETH</wb:countryiso3code>
    <wb:date>1996</wb:date>
    <wb:value>26824350914.9453</wb:value>
    <wb:unit />
    <wb:obs_status />
    <wb:decimal>0</wb:decimal>
  </wb:data>
  <wb:data>
    <wb:indicator id="NY.GNP.MKTP.PP.CD">GNI, PPP (current international $)</wb:indicator>
    <wb:country id="ET">Ethiopia</wb:country>
    <wb:countryiso3code>ETH</wb:countryiso3code>
    <wb:date>1995</wb:date>
    <wb:value>23366524106.9918</wb:value>
    <wb:unit />
    <wb:obs_status />
    <wb:decimal>0</wb:decimal>
  </wb:data>
  <wb:data>
    <wb:indicator id="NY.GNP.MKTP.PP.CD">GNI, PPP (current international $)</wb:indicator>
    <wb:country id="ET">Ethiopia</wb:country>
    <wb:countryiso3code>ETH</wb:countryiso3code>
    <wb:date>1994</wb:date>
    <wb:value>21489084532.994</wb:value>
    <wb:unit />
    <wb:obs_status />
    <wb:decimal>0</wb:decimal>
  </wb:data>
  <wb:data>
    <wb:indicator id="NY.GNP.MKTP.PP.CD">GNI, PPP (current international $)</wb:indicator>
    <wb:country id="ET">Ethiopia</wb:country>
    <wb:countryiso3code>ETH</wb:countryiso3code>
    <wb:date>1993</wb:date>
    <wb:value>20400864691.1074</wb:value>
    <wb:unit />
    <wb:obs_status />
    <wb:decimal>0</wb:decimal>
  </wb:data>
  <wb:data>
    <wb:indicator id="NY.GNP.MKTP.PP.CD">GNI, PPP (current international $)</wb:indicator>
    <wb:country id="ET">Ethiopia</wb:country>
    <wb:countryiso3code>ETH</wb:countryiso3code>
    <wb:date>1992</wb:date>
    <wb:value>17697380688.9417</wb:value>
    <wb:unit />
    <wb:obs_status />
    <wb:decimal>0</wb:decimal>
  </wb:data>
  <wb:data>
    <wb:indicator id="NY.GNP.MKTP.PP.CD">GNI, PPP (current international $)</wb:indicator>
    <wb:country id="ET">Ethiopia</wb:country>
    <wb:countryiso3code>ETH</wb:countryiso3code>
    <wb:date>1991</wb:date>
    <wb:value>18957729933.3672</wb:value>
    <wb:unit />
    <wb:obs_status />
    <wb:decimal>0</wb:decimal>
  </wb:data>
  <wb:data>
    <wb:indicator id="NY.GNP.MKTP.PP.CD">GNI, PPP (current international $)</wb:indicator>
    <wb:country id="ET">Ethiopia</wb:country>
    <wb:countryiso3code>ETH</wb:countryiso3code>
    <wb:date>1990</wb:date>
    <wb:value>19746047729.3134</wb:value>
    <wb:unit />
    <wb:obs_status />
    <wb:decimal>0</wb:decimal>
  </wb:data>
  <wb:data>
    <wb:indicator id="NY.GNP.MKTP.PP.CD">GNI, PPP (current international $)</wb:indicator>
    <wb:country id="ET">Ethiopia</wb:country>
    <wb:countryiso3code>ETH</wb:countryiso3code>
    <wb:date>1989</wb:date>
    <wb:value />
    <wb:unit />
    <wb:obs_status />
    <wb:decimal>0</wb:decimal>
  </wb:data>
  <wb:data>
    <wb:indicator id="NY.GNP.MKTP.PP.CD">GNI, PPP (current international $)</wb:indicator>
    <wb:country id="ET">Ethiopia</wb:country>
    <wb:countryiso3code>ETH</wb:countryiso3code>
    <wb:date>1988</wb:date>
    <wb:value />
    <wb:unit />
    <wb:obs_status />
    <wb:decimal>0</wb:decimal>
  </wb:data>
  <wb:data>
    <wb:indicator id="NY.GNP.MKTP.PP.CD">GNI, PPP (current international $)</wb:indicator>
    <wb:country id="ET">Ethiopia</wb:country>
    <wb:countryiso3code>ETH</wb:countryiso3code>
    <wb:date>1987</wb:date>
    <wb:value />
    <wb:unit />
    <wb:obs_status />
    <wb:decimal>0</wb:decimal>
  </wb:data>
  <wb:data>
    <wb:indicator id="NY.GNP.MKTP.PP.CD">GNI, PPP (current international $)</wb:indicator>
    <wb:country id="ET">Ethiopia</wb:country>
    <wb:countryiso3code>ETH</wb:countryiso3code>
    <wb:date>1986</wb:date>
    <wb:value />
    <wb:unit />
    <wb:obs_status />
    <wb:decimal>0</wb:decimal>
  </wb:data>
  <wb:data>
    <wb:indicator id="NY.GNP.MKTP.PP.CD">GNI, PPP (current international $)</wb:indicator>
    <wb:country id="ET">Ethiopia</wb:country>
    <wb:countryiso3code>ETH</wb:countryiso3code>
    <wb:date>1985</wb:date>
    <wb:value />
    <wb:unit />
    <wb:obs_status />
    <wb:decimal>0</wb:decimal>
  </wb:data>
  <wb:data>
    <wb:indicator id="NY.GNP.MKTP.PP.CD">GNI, PPP (current international $)</wb:indicator>
    <wb:country id="ET">Ethiopia</wb:country>
    <wb:countryiso3code>ETH</wb:countryiso3code>
    <wb:date>1984</wb:date>
    <wb:value />
    <wb:unit />
    <wb:obs_status />
    <wb:decimal>0</wb:decimal>
  </wb:data>
  <wb:data>
    <wb:indicator id="NY.GNP.MKTP.PP.CD">GNI, PPP (current international $)</wb:indicator>
    <wb:country id="ET">Ethiopia</wb:country>
    <wb:countryiso3code>ETH</wb:countryiso3code>
    <wb:date>1983</wb:date>
    <wb:value />
    <wb:unit />
    <wb:obs_status />
    <wb:decimal>0</wb:decimal>
  </wb:data>
  <wb:data>
    <wb:indicator id="NY.GNP.MKTP.PP.CD">GNI, PPP (current international $)</wb:indicator>
    <wb:country id="ET">Ethiopia</wb:country>
    <wb:countryiso3code>ETH</wb:countryiso3code>
    <wb:date>1982</wb:date>
    <wb:value />
    <wb:unit />
    <wb:obs_status />
    <wb:decimal>0</wb:decimal>
  </wb:data>
  <wb:data>
    <wb:indicator id="NY.GNP.MKTP.PP.CD">GNI, PPP (current international $)</wb:indicator>
    <wb:country id="ET">Ethiopia</wb:country>
    <wb:countryiso3code>ETH</wb:countryiso3code>
    <wb:date>1981</wb:date>
    <wb:value />
    <wb:unit />
    <wb:obs_status />
    <wb:decimal>0</wb:decimal>
  </wb:data>
  <wb:data>
    <wb:indicator id="NY.GNP.MKTP.PP.CD">GNI, PPP (current international $)</wb:indicator>
    <wb:country id="ET">Ethiopia</wb:country>
    <wb:countryiso3code>ETH</wb:countryiso3code>
    <wb:date>1980</wb:date>
    <wb:value />
    <wb:unit />
    <wb:obs_status />
    <wb:decimal>0</wb:decimal>
  </wb:data>
  <wb:data>
    <wb:indicator id="NY.GNP.MKTP.PP.CD">GNI, PPP (current international $)</wb:indicator>
    <wb:country id="ET">Ethiopia</wb:country>
    <wb:countryiso3code>ETH</wb:countryiso3code>
    <wb:date>1979</wb:date>
    <wb:value />
    <wb:unit />
    <wb:obs_status />
    <wb:decimal>0</wb:decimal>
  </wb:data>
  <wb:data>
    <wb:indicator id="NY.GNP.MKTP.PP.CD">GNI, PPP (current international $)</wb:indicator>
    <wb:country id="ET">Ethiopia</wb:country>
    <wb:countryiso3code>ETH</wb:countryiso3code>
    <wb:date>1978</wb:date>
    <wb:value />
    <wb:unit />
    <wb:obs_status />
    <wb:decimal>0</wb:decimal>
  </wb:data>
  <wb:data>
    <wb:indicator id="NY.GNP.MKTP.PP.CD">GNI, PPP (current international $)</wb:indicator>
    <wb:country id="ET">Ethiopia</wb:country>
    <wb:countryiso3code>ETH</wb:countryiso3code>
    <wb:date>1977</wb:date>
    <wb:value />
    <wb:unit />
    <wb:obs_status />
    <wb:decimal>0</wb:decimal>
  </wb:data>
  <wb:data>
    <wb:indicator id="NY.GNP.MKTP.PP.CD">GNI, PPP (current international $)</wb:indicator>
    <wb:country id="ET">Ethiopia</wb:country>
    <wb:countryiso3code>ETH</wb:countryiso3code>
    <wb:date>1976</wb:date>
    <wb:value />
    <wb:unit />
    <wb:obs_status />
    <wb:decimal>0</wb:decimal>
  </wb:data>
  <wb:data>
    <wb:indicator id="NY.GNP.MKTP.PP.CD">GNI, PPP (current international $)</wb:indicator>
    <wb:country id="ET">Ethiopia</wb:country>
    <wb:countryiso3code>ETH</wb:countryiso3code>
    <wb:date>1975</wb:date>
    <wb:value />
    <wb:unit />
    <wb:obs_status />
    <wb:decimal>0</wb:decimal>
  </wb:data>
  <wb:data>
    <wb:indicator id="NY.GNP.MKTP.PP.CD">GNI, PPP (current international $)</wb:indicator>
    <wb:country id="ET">Ethiopia</wb:country>
    <wb:countryiso3code>ETH</wb:countryiso3code>
    <wb:date>1974</wb:date>
    <wb:value />
    <wb:unit />
    <wb:obs_status />
    <wb:decimal>0</wb:decimal>
  </wb:data>
  <wb:data>
    <wb:indicator id="NY.GNP.MKTP.PP.CD">GNI, PPP (current international $)</wb:indicator>
    <wb:country id="ET">Ethiopia</wb:country>
    <wb:countryiso3code>ETH</wb:countryiso3code>
    <wb:date>1973</wb:date>
    <wb:value />
    <wb:unit />
    <wb:obs_status />
    <wb:decimal>0</wb:decimal>
  </wb:data>
</wb:data>